dealDate,deposit,monthlyRent,calcedRent,aptNm,buildYear,contractTerm,contractType,excluUseAr,floor,jibun,preDeposit,preMonthlyRent,sggCd,umdNm,useRRRight
20110105,"1,500",60,0,원일,1970,, ,68.76,3,294-36,,,11410,홍제동, 
20110105,"18,000",0,0,대우푸르지오,2002,, ,59.584,6,739,,,11410,연희동, 
20110110,"22,000",0,0,대림,1993,, ,84.74,7,700,,,11410,연희동, 
20110110,"7,000",100,0,북아현3차,2002,, ,84.24,5,189-22,,,11410,북아현동, 
20110120,"28,000",0,0,경남(2차),1999,, ,122.91,6,118-9,,,11410,북아현동, 
20110122,"20,000",0,0,래미안남가좌2차,2005,, ,59.788,12,379,,,11410,남가좌동, 
20110124,"13,000",0,0,태영으뜸(데시앙),1998,, ,44.2,5,373,,,11410,홍제동, 
20110127,"20,000",0,0,홍은동벽산,1997,, ,114.96,13,455,,,11410,홍은동, 
20110128,"3,000",130,0,충림예하임,2010,, ,84.6,4,477,,,11410,충정로3가, 
20110131,"18,000",0,0,진흥,2002,, ,78.02,4,459,,,11410,홍은동, 
20110206,"26,000",0,0,월드컵현대,1998,, ,111.13,9,371-1,,,11410,북가좌동, 
20110208,"3,114",0,0,남가좌동현대(임대),1999,, ,32.76,13,376-2,,,11410,남가좌동, 
20110210,"2,500",140,0,홍제원그린뷰아파트,2003,, ,164.71,8,157-3,,,11410,홍제동, 
20110212,"5,000",70,0,풍림2,1990,11.02~13.02,신규,58.5,7,453-2,,,11410,홍은동, 
20110215,"22,500",0,0,DMC두산위브,2007,, ,84.992,11,459,,,11410,북가좌동, 
20110217,697,9,0,벽산임대(108동),1997,, ,30.17,15,455-1,,,11410,홍은동, 
20110218,"16,500",0,0,홍제한양,1993,, ,60.06,9,82,,,11410,홍제동, 
20110219,"17,000",0,0,문화촌현대,2002,, ,84.99,16,463,,,11410,홍제동, 
20110224,"2,214",0,0,독립문극동(201-0),1998,, ,27,8,201,,,11410,현저동, 
20110225,"26,000",0,0,DMC아이파크,2009,, ,84.92,5,458,,,11410,북가좌동, 
20110305,"3,000",80,0,두산,1999,, ,59.96,2,1009,,,11410,북아현동, 
20110305,"27,000",0,0,DMC아이파크,2009,, ,84.93,8,458,,,11410,북가좌동, 
20110316,"23,000",0,0,DMC두산위브,2007,, ,84.9923,8,459,,,11410,북가좌동, 
20110319,"38,000",0,0,독립문극동(200-0),1998,, ,114.51,2,200,,,11410,현저동, 
20110321,"14,000",0,0,홍은동벽산,1997,, ,58.64,1,455,,,11410,홍은동, 
20110324,"4,985",0,0,DMC아이파크,2009,, ,32.86,6,458,,,11410,북가좌동, 
20110325,"1,368",14,0,동부센트레빌(임대),2002,, ,28.05,5,260-1,,,11410,냉천동, 
20110325,774,11,0,독립문극동(201-0),1998,, ,27,15,201,,,11410,현저동, 
20110325,"26,000",0,0,혜우,1996,, ,129.27,15,101-7,,,11410,대현동, 
20110330,"2,428",0,0,홍제원현대(459-1),2000,, ,32.67,8,459-1,,,11410,홍제동, 
20110402,"16,000",0,0,청구2차,1997,, ,59.89,12,453-1,,,11410,홍제동, 
20110405,"21,000",0,0,청구1차,1994,, ,84.78,6,453,,,11410,홍제동, 
20110408,"20,000",0,0,DMC아이파크,2009,, ,59.96,8,458,,,11410,북가좌동, 
20110419,"21,000",0,0,문화촌현대,2002,, ,84.99,18,463,,,11410,홍제동, 
20110422,"8,000",80,0,DMC센트레빌,2009,, ,59.95,9,381,,,11410,남가좌동, 
20110425,"1,368",14,0,동부센트레빌(임대),2002,, ,28.05,6,260-1,,,11410,냉천동, 
20110426,"2,000",90,0,충정리시온,2004,, ,41.48,17,465,,,11410,충정로3가, 
20110427,"23,000",0,0,신촌럭키,1999,, ,83.38,2,144,,,11410,대현동, 
20110429,"20,000",0,0,두산,1999,, ,59.96,7,1009,,,11410,북아현동, 
20110429,"1,210",15,0,남가좌동현대(임대),1999,, ,32.76,16,376-2,,,11410,남가좌동, 
20110506,"15,000",0,0,남가좌동현대,1999,, ,59.4,1,376,,,11410,남가좌동, 
20110509,812,12,0,독립문극동(201-0),1998,, ,27,14,201,,,11410,현저동, 
20110518,"8,000",0,0,인왕,1968,, ,56.66,1,104-1,,,11410,홍제동, 
20110523,"21,500",0,0,래미안남가좌2차,2005,, ,59.788,5,379,,,11410,남가좌동, 
20110523,"6,000",65,0,두산,1999,, ,59.96,9,1009,,,11410,북아현동, 
20110524,"18,000",0,0,문화촌현대,2002,11.08~13.08,신규,59.94,9,463,,,11410,홍제동, 
20110524,"18,000",0,0,동부센트레빌,2002,, ,59.86,1,260,,,11410,냉천동, 
20110525,"2,924",15,0,남가좌동현대(임대),1999,, ,32.76,9,376-2,,,11410,남가좌동, 
20110526,"2,214",0,0,독립문극동(201-0),1998,, ,27,11,201,,,11410,현저동, 
20110530,"2,469",22,0,DMC센트레빌,2009,, ,32.86,1,381,,,11410,남가좌동, 
20110603,"18,000",0,0,DMC한양,1987,, ,65.34,7,431,,,11410,북가좌동, 
20110605,"17,000",25,0,독립문삼호,1995,11.07~13.07,신규,75.66,1,100,,,11410,영천동, 
20110611,"19,000",0,0,두산,1999,, ,59.96,10,1009,,,11410,북아현동, 
20110618,"17,000",40,0,청구3차,2001,, ,84.96,4,462,,,11410,홍제동, 
20110623,774,11,0,독립문극동(201-0),1998,, ,27,15,201,,,11410,현저동, 
20110626,"2,866",15,0,DMC래미안클라시스(임대),2000,, ,30.56,12,377-1,,,11410,남가좌동, 
20110627,"1,582",5,0,독립문극동(201-0),1998,, ,27,9,201,,,11410,현저동, 
20110628,"2,214",0,0,독립문극동(201-0),1998,, ,27,9,201,,,11410,현저동, 
20110629,"12,000",0,0,요진,1998,, ,59.04,9,150,,,11410,북가좌동, 
20110630,"2,214",0,0,독립문극동(201-0),1998,, ,27,14,201,,,11410,현저동, 
20110706,"2,471",0,0,홍제원현대(459-1),2000,, ,32.67,6,459-1,,,11410,홍제동, 
20110714,"17,000",0,0,홍은동벽산,1997,, ,84.96,1,455,,,11410,홍은동, 
20110725,"2,214",0,0,독립문극동(201-0),1998,, ,27,8,201,,,11410,현저동, 
20110725,"2,428",0,0,홍제원현대(459-1),2000,, ,32.67,6,459-1,,,11410,홍제동, 
20110727,"1,835",11,0,독립문극동(201-0),1998,, ,27,3,201,,,11410,현저동, 
20110727,"2,214",0,0,독립문극동(201-0),1998,, ,27,5,201,,,11410,현저동, 
20110727,"2,214",0,0,독립문극동(201-0),1998,, ,27,10,201,,,11410,현저동, 
20110727,"2,070",1,0,독립문극동(201-0),1998,, ,27,6,201,,,11410,현저동, 
20110729,"23,000",0,0,천연뜨란채,2006,, ,59.47,2,145,,,11410,천연동, 
20110729,"20,000",0,0,홍제한양,1993,, ,60.06,2,82,,,11410,홍제동, 
20110801,"4,000",20,0,천연뜨란채,2006,, ,30.17,12,145,,,11410,천연동, 
20110806,"21,000",0,0,충정솔레디움(102동),2005,, ,80.47,4,30-2,,,11410,충정로3가, 
20110817,"16,000",0,0,극동,1995,, ,84.92,8,454,,,11410,홍은동, 
20110818,"25,000",0,0,대우푸르지오,2002,, ,84.706,10,739,,,11410,연희동, 
20110825,"4,724",2,0,DMC센트레빌,2009,, ,32.86,7,381,,,11410,남가좌동, 
20110829,"2,214",0,0,독립문극동(201-0),1998,, ,27,11,201,,,11410,현저동, 
20110830,"2,352",21,0,DMC센트레빌,2009,, ,32.86,5,381,,,11410,남가좌동, 
20110831,"2,866",15,0,DMC래미안클라시스(임대),2000,, ,30.56,2,377-1,,,11410,남가좌동, 
20110831,"2,352",21,0,DMC센트레빌,2009,, ,32.86,4,381,,,11410,남가좌동, 
20110831,"2,352",21,0,DMC센트레빌,2009,, ,32.86,8,381,,,11410,남가좌동, 
20110902,"20,000",110,0,독립문극동(200-0),1998,, ,114.51,18,200,,,11410,현저동, 
20110902,"28,000",0,0,독립문극동(200-0),1998,, ,102.45,11,200,,,11410,현저동, 
20110902,"38,000",0,0,돈의문센트레빌,2011,, ,84.99,10,261,,,11410,냉천동, 
20110903,"20,000",0,0,홍은동벽산,1997,, ,84.96,13,455,,,11410,홍은동, 
20110915,"5,000",120,0,천연뜨란채,2006,, ,75.42,3,145,,,11410,천연동, 
20110917,"35,000",0,0,돈의문센트레빌,2011,, ,84.99,5,261,,,11410,냉천동, 
20110919,"17,000",0,0,극동,1995,, ,84.98,13,454,,,11410,홍은동, 
20110919,"24,000",0,0,DMC센트레빌,2009,, ,84.97,14,381,,,11410,남가좌동, 
20110920,"18,000",0,0,두산,1999,, ,59.96,14,1009,,,11410,북아현동, 
20110926,"8,500",0,0,안산맨숀,1972,, ,92.56,6,104-20,,,11410,홍제동, 
20111005,"16,000",0,0,두산,1999,, ,59.96,11,1009,,,11410,북아현동, 
20111010,904,13,0,홍제원현대(459-1),2000,, ,32.67,6,459-1,,,11410,홍제동, 
20111013,"1,797",5,0,홍제원현대(459-1),2000,, ,32.67,8,459-1,,,11410,홍제동, 
20111025,"2,866",15,0,DMC래미안클라시스(임대),2000,, ,30.56,7,377-1,,,11410,남가좌동, 
20111025,"3,157",0,0,동부센트레빌(임대),2002,, ,28.05,3,260-1,,,11410,냉천동, 
20111025,"2,428",0,0,홍제원현대(459-1),2000,, ,32.67,16,459-1,,,11410,홍제동, 
20111025,"1,368",14,0,동부센트레빌(임대),2002,, ,28.05,10,260-1,,,11410,냉천동, 
20111026,"26,000",0,0,래미안남가좌2차,2005,, ,114.793,4,379,,,11410,남가좌동, 
20111028,"2,214",0,0,독립문극동(201-0),1998,, ,27,13,201,,,11410,현저동, 
20111031,"21,000",0,0,DMC이랜드해가든,2007,, ,84.91,10,460,,,11410,북가좌동, 
20111108,"13,000",24,0,문화촌현대,2002,, ,59.94,1,463,,,11410,홍제동, 
20111111,"1,368",14,0,동부센트레빌(임대),2002,, ,28.05,3,260-1,,,11410,냉천동, 
20111115,"2,214",0,0,독립문극동(201-0),1998,, ,27,11,201,,,11410,현저동, 
20111122,"2,214",0,0,독립문극동(201-0),1998,, ,27,7,201,,,11410,현저동, 
20111123,"2,428",0,0,홍제원현대(459-1),2000,, ,32.67,17,459-1,,,11410,홍제동, 
20111124,"2,531",24,0,돈의문센트레빌(215),2011,, ,30.19,2,261-1,,,11410,냉천동, 
20111125,"5,623",0,0,돈의문센트레빌(215),2011,, ,30.19,11,261-1,,,11410,냉천동, 
20111125,"2,815",0,0,독립문극동(201-0),1998,, ,27,1,201,,,11410,현저동, 
20111126,"7,000",70,0,홍은동벽산,1997,, ,84.78,12,455,,,11410,홍은동, 
20111128,"6,915",0,0,돈의문센트레빌(215),2011,, ,30.19,9,261-1,,,11410,냉천동, 
20111215,"11,000",40,0,홍은동벽산,1997,, ,58.64,13,455,,,11410,홍은동, 
20111220,"2,866",15,0,DMC래미안클라시스(임대),2000,, ,30.56,17,377-1,,,11410,남가좌동, 
20111221,"10,000",100,0,성원,2001,, ,84.95,14,740,,,11410,연희동, 
20111222,"3,157",0,0,동부센트레빌(임대),2002,, ,28.05,2,260-1,,,11410,냉천동, 
20111223,"18,000",0,0,DMC한양,1987,, ,116.76,1,431,,,11410,북가좌동, 
20111223,"24,500",0,0,청구1차,1994,, ,84.78,5,453,,,11410,홍제동, 
20111224,"21,000",0,0,북가좌삼호,1996,, ,84.57,17,449,,,11410,북가좌동, 
20111224,"31,000",0,0,독립문극동(200-0),1998,, ,84.87,8,200,,,11410,현저동, 
20111226,"8,000",0,0,홍은그린,2003,, ,84.3,5,274-99,,,11410,홍은동, 
20111228,"43,000",0,0,독립문극동(200-0),1998,, ,84.87,1,200,,,11410,현저동, 
20120104,"2,000",60,0,안산맨숀,1972,, ,72.73,3,104-20,,,11410,홍제동, 
20120107,"27,000",0,0,홍제원현대(459-0),2000,, ,84.9,15,459,,,11410,홍제동, 
20120113,"12,500",0,0,인왕궁맨숀,1974,, ,71.4,2,104-6,,,11410,홍제동, 
20120114,"20,000",0,0,홍제비콘드림힐,2006,12.02~14.02,신규,113.091,12,468,,,11410,홍제동, 
20120116,"19,000",0,0,우민B,2001,, ,84.52,5,1-49,,,11410,북아현동, 
20120118,861,12,0,홍제원현대(459-1),2000,, ,32.67,18,459-1,,,11410,홍제동, 
20120126,"2,000",150,0,독립문삼호,1995,, ,84.78,16,100,,,11410,영천동, 
20120126,"23,000",0,0,DMC래미안클라시스,2000,, ,84.9,3,377,,,11410,남가좌동, 
20120127,774,11,0,독립문극동(201-0),1998,, ,27,11,201,,,11410,현저동, 
20120130,"16,000",0,0,임광,1999,, ,59.96,15,738,,,11410,연희동, 
20120209,"18,000",0,0,유원하나,1996,, ,82.35,15,454,,,11410,홍제동, 
20120210,"28,000",0,0,홍제현대,1992,, ,75.15,6,331,,,11410,홍제동, 
20120216,"22,000",0,0,신촌럭키,1999,, ,59.7,11,144,,,11410,대현동, 
20120216,"12,000",15,0,요진,1998,, ,59.04,8,150,,,11410,북가좌동, 
20120219,"10,000",0,0,홍제한양,1993,, ,60.06,1,82,,,11410,홍제동, 
20120222,"19,500",0,0,남가좌동현대,1999,, ,84.78,8,376,,,11410,남가좌동, 
20120228,"16,000",0,0,홍제한양,1993,, ,60.06,1,82,,,11410,홍제동, 
20120228,"24,500",0,0,남가좌동현대,1999,, ,114.9,9,376,,,11410,남가좌동, 
20120229,"20,000",0,0,두산,1999,, ,59.96,16,1009,,,11410,북아현동, 
20120229,"1,500",35,0,DMC이랜드해가든,2007,, ,65.77,4,460,,,11410,북가좌동, 
20120301,"14,500",0,0,DMC현대아파트,2000,, ,59.91,4,453,,,11410,북가좌동, 
20120309,"30,000",0,0,동원베네스트,2012,, ,84.9386,9,463,,,11410,홍은동, 
20120309,"17,000",0,0,동일5차101동,2005,, ,84.51,5,312-221,,,11410,홍제동, 
20120310,"5,000",200,0,래미안루센티아,2020,, ,84.84,4,390,,,11410,남가좌동, 
20120311,"10,000",65,0,남양,1999,, ,114.99,5,457,,,11410,홍제동, 
20120320,"15,500",0,0,독립문파크빌,2000,, ,59.4,12,1019,,,11410,현저동, 
20120320,"18,000",0,0,두산,1999,, ,59.96,11,1009,,,11410,북아현동, 
20120321,"40,000",0,0,인왕산한신휴플러스,2009,, ,125.256,7,469,,,11410,홍제동, 
20120330,"2,328",21,0,DMC아이파크,2009,, ,32.86,9,458,,,11410,북가좌동, 
20120330,"7,500",95,0,문화촌현대,2002,, ,84.99,4,463,,,11410,홍제동, 
20120407,"2,500",150,0,독립문삼호,1995,, ,84.78,10,100,,,11410,영천동, 
20120419,"4,000",30,0,문화촌현대,2002,, ,59.94,18,463,,,11410,홍제동, 
20120419,"1,368",14,0,동부센트레빌(임대),2002,, ,28.05,2,260-1,,,11410,냉천동, 
20120423,"7,000",0,0,초원,1988,, ,49.26,3,8-26,,,11410,홍은동, 
20120425,"3,300",0,0,동부센트레빌(임대),2002,, ,28.05,8,260-1,,,11410,냉천동, 
20120425,"20,000",0,0,현대그린,1996,, ,84.96,6,455,,,11410,홍제동, 
20120426,"2,214",0,0,독립문극동(201-0),1998,, ,27,9,201,,,11410,현저동, 
20120426,"1,582",5,0,독립문극동(201-0),1998,, ,27,3,201,,,11410,현저동, 
20120427,"2,815",0,0,독립문극동(201-0),1998,, ,27,3,201,,,11410,현저동, 
20120428,"35,000",0,0,돈의문센트레빌,2011,, ,84.99,2,261,,,11410,냉천동, 
20120505,"24,000",0,0,"현대(1,2차)",1988,, ,59.97,6,202-5,,,11410,홍은동, 
20120515,861,12,0,홍제원현대(459-1),2000,, ,32.67,1,459-1,,,11410,홍제동, 
20120517,"2,553",0,0,홍제원현대(459-1),2000,, ,32.67,18,459-1,,,11410,홍제동, 
20120522,861,12,0,홍제원현대(459-1),2000,, ,32.67,7,459-1,,,11410,홍제동, 
20120522,"2,428",0,0,홍제원현대(459-1),2000,, ,32.67,7,459-1,,,11410,홍제동, 
20120524,774,11,0,독립문극동(201-0),1998,, ,27,2,201,,,11410,현저동, 
20120525,861,12,0,홍제원현대(459-1),2000,, ,32.67,12,459-1,,,11410,홍제동, 
20120527,"22,000",0,0,DMC래미안e편한세상,2012,, ,59.97,14,481,,,11410,북가좌동, 
20120528,"25,000",0,0,DMC한양,1987,, ,116.76,12,431,,,11410,북가좌동, 
20120531,"12,000",0,0,성원,1998,, ,41.5,2,456,,,11410,홍제동, 
20120605,"23,000",0,0,홍제삼성래미안,2001,, ,84.33,1,461,,,11410,홍제동, 
20120607,"10,000",80,0,홍은동풍림아이원,2002,, ,84.918,19,460,,,11410,홍은동, 
20120608,"5,000",80,0,천연뜨란채,2006,, ,56.08,1,145,,,11410,천연동, 
20120618,"2,428",0,0,홍제원현대(459-1),2000,, ,32.67,13,459-1,,,11410,홍제동, 
20120618,"2,328",0,0,독립문극동(201-0),1998,, ,27,13,201,,,11410,현저동, 
20120620,"2,428",0,0,홍제원현대(459-1),2000,, ,32.67,2,459-1,,,11410,홍제동, 
20120620,"2,428",0,0,홍제원현대(459-1),2000,, ,32.67,11,459-1,,,11410,홍제동, 
20120625,"15,000",0,0,유원하나,1996,, ,58.77,9,454,,,11410,홍제동, 
20120626,"22,000",0,0,DMC래미안e편한세상,2012,, ,59.97,13,481,,,11410,북가좌동, 
20120629,"2,428",0,0,홍제원현대(459-1),2000,, ,32.67,16,459-1,,,11410,홍제동, 
20120702,"16,000",0,0,유원하나,1996,, ,72.34,18,454,,,11410,홍제동, 
20120704,"2,577",0,0,북가좌삼호(임대),1996,, ,31.5,9,449-1,,,11410,북가좌동, 
20120711,"28,500",0,0,성원,2001,, ,84.95,2,740,,,11410,연희동, 
20120715,"16,000",0,0,대우푸르지오,2002,, ,59.79,16,739,,,11410,연희동, 
20120715,"16,000",0,0,대우푸르지오,2002,, ,59.584,16,739,,,11410,연희동, 
20120723,"1,840",6,0,홍제원현대(459-1),2000,, ,32.67,6,459-1,,,11410,홍제동, 
20120726,"2,468",0,0,독립문극동(201-0),1998,, ,27,10,201,,,11410,현저동, 
20120726,812,12,0,독립문극동(201-0),1998,, ,27,9,201,,,11410,현저동, 
20120726,"2,468",0,0,독립문극동(201-0),1998,, ,27,6,201,,,11410,현저동, 
20120729,"26,000",0,0,DMC래미안e편한세상,2012,, ,84.93,12,481,,,11410,북가좌동, 
20120806,"17,700",0,0,북가좌삼호,1996,, ,75.75,11,449,,,11410,북가좌동, 
20120813,"14,000",0,0,DMC한양,1987,, ,65.34,12,431,,,11410,북가좌동, 
20120813,"2,469",0,0,DMC센트레빌,2009,, ,32.86,10,381,,,11410,남가좌동, 
20120816,"5,749",3,0,돈의문센트레빌(215),2011,, ,30.19,5,261-1,,,11410,냉천동, 
20120817,904,13,0,홍제원현대(459-1),2000,, ,32.67,4,459-1,,,11410,홍제동, 
20120817,"2,657",26,0,돈의문센트레빌(215),2011,, ,30.19,6,261-1,,,11410,냉천동, 
20120821,"23,000",0,0,DMC래미안클라시스,2000,, ,114.88,2,377,,,11410,남가좌동, 
20120825,"19,000",0,0,홍제한양,1993,, ,60.06,11,82,,,11410,홍제동, 
20120827,"3,000",110,0,천연뜨란채,2006,, ,57.78,3,145,,,11410,천연동, 
20120828,"2,471",1,0,홍제원현대(459-1),2000,, ,32.67,5,459-1,,,11410,홍제동, 
20120901,"33,000",0,0,DMC래미안e편한세상,2012,, ,120.95,18,481,,,11410,북가좌동, 
20120901,"17,000",0,0,유원하나,1996,, ,112.14,8,454,,,11410,홍제동, 
20120905,"2,707",0,0,홍제원현대(459-1),2000,, ,32.67,16,459-1,,,11410,홍제동, 
20120908,"3,000",125,0,DMC래미안e편한세상,2012,, ,84.95,5,481,,,11410,북가좌동, 
20120908,"23,000",0,0,문화촌현대,2002,, ,84.99,8,463,,,11410,홍제동, 
20120913,"15,000",0,0,요진,1998,, ,59.04,6,150,,,11410,북가좌동, 
20120915,"16,000",0,0,요진,1998,, ,59.04,9,150,,,11410,북가좌동, 
20120922,"20,500",0,0,대우푸르지오,2002,, ,59.584,17,739,,,11410,연희동, 
20120927,"2,657",26,0,돈의문센트레빌(215),2011,, ,30.19,4,261-1,,,11410,냉천동, 
20120928,"3,126",1,0,홍제원현대(459-1),2000,, ,32.67,14,459-1,,,11410,홍제동, 
20121002,"2,657",26,0,돈의문센트레빌(215),2011,, ,30.19,10,261-1,,,11410,냉천동, 
20121006,"26,000",0,0,DMC래미안e편한세상,2012,, ,84.95,5,481,,,11410,북가좌동, 
20121009,"2,060",5,0,독립문극동(201-0),1998,, ,27,2,201,,,11410,현저동, 
20121011,"47,000",0,0,돈의문센트레빌,2011,, ,84.99,13,261,,,11410,냉천동, 
20121015,"2,955",0,0,독립문극동(201-0),1998,, ,27,3,201,,,11410,현저동, 
20121015,"2,722",0,0,독립문극동(201-0),1998,, ,27,14,201,,,11410,현저동, 
20121023,"2,722",0,0,독립문극동(201-0),1998,, ,27,1,201,,,11410,현저동, 
20121026,812,12,0,독립문극동(201-0),1998,, ,27,1,201,,,11410,현저동, 
20121031,"2,252",1,0,독립문극동(201-0),1998,, ,27,7,201,,,11410,현저동, 
20121031,"2,620",0,0,독립문극동(201-0),1998,, ,27,10,201,,,11410,현저동, 
20121101,"25,000",0,0,홍제삼성래미안,2001,, ,60,11,461,,,11410,홍제동, 
20121107,"20,000",0,0,현대그린,1996,, ,84.96,10,455,,,11410,홍제동, 
20121108,"32,000",0,0,대우푸르지오,2002,, ,84.706,7,739,,,11410,연희동, 
20121116,904,13,0,홍제원현대(459-1),2000,, ,32.67,15,459-1,,,11410,홍제동, 
20121121,"6,022",0,0,DMC래미안e편한세상,2012,, ,39.96,6,481,,,11410,북가좌동, 
20121122,"2,799",18,0,DMC래미안e편한세상,2012,, ,39.96,9,481,,,11410,북가좌동, 
20121122,"9,000",0,0,인왕,1968,, ,58.18,3,104-1,,,11410,홍제동, 
20121127,"3,000",30,0,인왕,1968,, ,56.66,4,104-1,,,11410,홍제동, 
20121128,"2,707",0,0,홍제원현대(459-1),2000,, ,32.67,5,459-1,,,11410,홍제동, 
20121129,"3,007",15,0,DMC래미안클라시스(임대),2000,, ,30.56,15,377-1,,,11410,남가좌동, 
20121203,"18,000",50,0,현대그린,1996,, ,84.96,7,455,,,11410,홍제동, 
20121208,"10,000",70,0,천연뜨란채,2006,, ,57.78,4,145,,,11410,천연동, 
20121209,"28,000",0,0,DMC래미안e편한세상,2012,, ,84.95,9,481,,,11410,북가좌동, 
20121219,"16,000",0,0,홍제현대,1992,, ,60.81,1,331,,,11410,홍제동, 
20121222,"12,500",45,0,충정리시온,2004,, ,44.88,16,465,,,11410,충정로3가, 
20121226,"3,461",16,0,남가좌동현대(임대),1999,, ,32.76,16,376-2,,,11410,남가좌동, 
20121226,812,12,0,독립문극동(201-0),1998,, ,27,13,201,,,11410,현저동, 
20121227,904,13,0,홍제원현대(459-1),2000,, ,32.67,14,459-1,,,11410,홍제동, 
20121228,"5,000",50,0,인왕궁맨숀,1974,, ,71.4,2,104-6,,,11410,홍제동, 
20121229,"24,000",0,0,청구3차,2001,, ,84.96,15,462,,,11410,홍제동, 
20130102,"2,966",16,0,남가좌동현대(임대),1999,, ,32.76,5,376-2,,,11410,남가좌동, 
20130102,"13,000",0,0,DMC한양,1987,, ,84.33,1,431,,,11410,북가좌동, 
20130103,"10,000",0,0,고은,1975,, ,62.48,3,156-200,,,11410,홍제동, 
20130105,"19,500",0,0,DMC래미안클라시스,2000,, ,84.9,2,377,,,11410,남가좌동, 
20130111,904,13,0,홍제원현대(459-1),2000,, ,32.67,10,459-1,,,11410,홍제동, 
20130120,"18,000",0,0,현대그린,1996,, ,84.96,4,455,,,11410,홍제동, 
20130124,"25,000",0,0,독립문삼호,1995,, ,75.66,18,100,,,11410,영천동, 
20130126,"27,000",0,0,성원,2001,, ,84.95,5,740,,,11410,연희동, 
20130131,812,12,0,독립문극동(201-0),1998,, ,27,9,201,,,11410,현저동, 
20130131,"2,252",1,0,독립문극동(201-0),1998,, ,27,12,201,,,11410,현저동, 
20130205,"55,000",0,0,성원쌍떼빌팰리스,2005,, ,148.12,7,742,,,11410,연희동, 
20130206,"2,471",2,0,홍제원현대(459-1),2000,, ,32.67,16,459-1,,,11410,홍제동, 
20130207,"3,461",16,0,남가좌동현대(임대),1999,, ,32.76,16,376-2,,,11410,남가좌동, 
20130207,"5,000",50,0,미동,1969,, ,96.61,3,189-8,,,11410,충정로3가, 
20130213,"32,000",0,0,DMC센트레빌,2009,, ,114.85,8,381,,,11410,남가좌동, 
20130218,"15,000",0,0,성원,1998,, ,41.5,11,456,,,11410,홍제동, 
20130220,"18,000",0,0,충정리시온,2004,, ,41.48,6,465,,,11410,충정로3가, 
20130220,"35,000",0,0,DMC래미안e편한세상,2012,, ,84.92,21,481,,,11410,북가좌동, 
20130223,"27,000",0,0,DMC래미안클라시스,2000,, ,114.88,12,377,,,11410,남가좌동, 
20130228,"14,000",0,0,독립문파크빌,2000,, ,59.4,8,1019,,,11410,현저동, 
20130303,"18,000",0,0,홍은동풍림아이원,2002,, ,84.918,6,460,,,11410,홍은동, 
20130304,"25,000",0,0,청구1차,1994,, ,84.78,3,453,,,11410,홍제동, 
20130310,"20,000",0,0,북가좌삼호,1996,, ,114.03,4,449,,,11410,북가좌동, 
20130316,"21,000",20,0,천연뜨란채,2006,, ,57.78,12,145,,,11410,천연동, 
20130318,"2,471",2,0,홍제원현대(459-1),2000,, ,32.67,17,459-1,,,11410,홍제동, 
20130319,"2,000",120,0,천연뜨란채,2006,, ,57.78,12,145,,,11410,천연동, 
20130325,"2,917",15,0,DMC래미안클라시스(임대),2000,, ,30.56,16,377-1,,,11410,남가좌동, 
20130330,"8,500",0,0,서소문,1971,, ,57.85,5,215,,,11410,미근동, 
20130331,"2,955",0,0,독립문극동(201-0),1998,, ,27,10,201,,,11410,현저동, 
20130331,812,12,0,독립문극동(201-0),1998,, ,27,8,201,,,11410,현저동, 
20130408,"17,000",35,0,홍제원현대(459-0),2000,, ,84.9,6,459,,,11410,홍제동, 
20130410,"15,000",0,0,홍제한양,1993,, ,60.06,6,82,,,11410,홍제동, 
20130410,"15,500",0,0,극동,1995,, ,84.98,10,454,,,11410,홍은동, 
20130411,"30,000",0,0,DMC아이파크,2009,, ,114.94,3,458,,,11410,북가좌동, 
20130415,"5,000",100,0,남가좌동현대,1999,, ,114.9,15,376,,,11410,남가좌동, 
20130419,"9,000",0,0,고은,1975,, ,63.8,4,156-200,,,11410,홍제동, 
20130420,"26,000",0,0,신촌럭키,1999,, ,83.38,8,144,,,11410,대현동, 
20130430,"2,955",0,0,독립문극동(201-0),1998,, ,27,6,201,,,11410,현저동, 
20130430,"3,083",0,0,홍제원현대(459-1),2000,, ,32.67,7,459-1,,,11410,홍제동, 
20130430,"30,000",0,0,천연뜨란채,2006,, ,75.42,4,145,,,11410,천연동, 
20130507,"1,000",40,0,인왕,1968,, ,58.18,1,104-1,,,11410,홍제동, 
20130509,"24,000",0,0,우공팰리스,2007,, ,84.42,7,384-1,,,11410,북가좌동, 
20130510,"22,000",0,0,문화촌현대,2002,, ,84.99,18,463,,,11410,홍제동, 
20130511,"20,000",0,0,래미안남가좌2차,2005,, ,59.788,2,379,,,11410,남가좌동, 
20130514,"5,000",60,0,홍제삼성래미안,2001,, ,32.76,6,461,,,11410,홍제동, 
20130521,"21,000",0,0,성원,2001,, ,59.61,2,740,,,11410,연희동, 
20130523,"23,000",0,0,천연뜨란채,2006,, ,57.78,3,145,,,11410,천연동, 
20130524,"2,500",70,0,동원베네스트,2012,, ,84.9772,5,463,,,11410,홍은동, 
20130531,"2,324",0,0,독립문극동(201-0),1998,, ,27,3,201,,,11410,현저동, 
20130531,"2,252",0,0,독립문극동(201-0),1998,, ,27,11,201,,,11410,현저동, 
20130605,"13,000",0,0,남양,1999,, ,59.94,17,457,,,11410,홍제동, 
20130617,"2,075",9,0,벽산임대(108동),1997,, ,30.17,11,455-1,,,11410,홍은동, 
20130617,"1,860",9,0,벽산임대(108동),1997,, ,30.17,3,455-1,,,11410,홍은동, 
20130618,"2,471",1,0,홍제원현대(459-1),2000,, ,32.67,11,459-1,,,11410,홍제동, 
20130621,"2,025",5,0,홍제원현대(459-1),2000,, ,32.67,12,459-1,,,11410,홍제동, 
20130630,"2,324",0,0,독립문극동(201-0),1998,, ,27,9,201,,,11410,현저동, 
20130630,"26,000",0,0,천연뜨란채,2006,, ,55.85,9,145,,,11410,천연동, 
20130630,812,12,0,독립문극동(201-0),1998,, ,27,3,201,,,11410,현저동, 
20130630,"20,000",0,0,천연뜨란채,2006,, ,55.85,9,145,,,11410,천연동, 
20130630,"2,468",0,0,독립문극동(201-0),1998,, ,27,10,201,,,11410,현저동, 
20130705,"6,022",0,0,DMC래미안e편한세상,2012,, ,39.96,2,481,,,11410,북가좌동, 
20130718,"3,000",90,0,인왕산현대,2000,, ,59.93,2,460,,,11410,홍제동, 
20130721,"45,000",0,0,DMC래미안e편한세상,2012,, ,59.97,4,481,,,11410,북가좌동, 
20130721,"22,000",0,0,DMC한양,1987,, ,84.33,6,431,,,11410,북가좌동, 
20130723,"1,015",12,0,홍제원현대(459-1),2000,, ,32.67,6,459-1,,,11410,홍제동, 
20130727,"17,000",0,0,극동,1995,, ,84.98,14,454,,,11410,홍은동, 
20130729,"3,218",18,0,DMC래미안클라시스(임대),2000,, ,30.56,15,377-1,,,11410,남가좌동, 
20130730,"2,471",0,0,홍제원현대(459-1),2000,, ,32.67,13,459-1,,,11410,홍제동, 
20130730,"1,840",6,0,홍제원현대(459-1),2000,, ,32.67,17,459-1,,,11410,홍제동, 
20130731,"2,324",0,0,독립문극동(201-0),1998,, ,27,2,201,,,11410,현저동, 
20130805,"15,000",0,0,북아현경남,1996,, ,84.84,3,1006,,,11410,북아현동, 
20130805,"3,000",65,0,풍림2,1990,, ,58.5,2,453-2,,,11410,홍은동, 
20130810,"22,000",0,0,현대그린,1996,, ,84.96,11,455,,,11410,홍제동, 
20130810,"27,000",0,0,홍제한양,1993,, ,120.14,5,82,,,11410,홍제동, 
20130817,"5,000",110,0,DMC아이파크,2009,, ,84.92,6,458,,,11410,북가좌동, 
20130823,"10,000",120,0,DMC래미안e편한세상,2012,, ,84.94,16,481,,,11410,북가좌동, 
20130824,"22,000",0,0,서강2차(2동),1989,, ,82.26,6,186-25,,,11410,홍은동, 
20130824,"10,000",60,0,북가좌삼호,1996,, ,84.57,9,449,,,11410,북가좌동, 
20130827,"3,063",15,0,DMC래미안클라시스(임대),2000,, ,30.56,2,377-1,,,11410,남가좌동, 
20130829,"23,000",0,0,인왕산벽산,2003,, ,84.63,2,465,,,11410,홍제동, 
20130903,"2,799",18,0,DMC래미안e편한세상,2012,, ,39.96,2,481,,,11410,북가좌동, 
20130905,"2,799",18,0,DMC래미안e편한세상,2012,, ,39.96,1,481,,,11410,북가좌동, 
20130907,"9,000",45,0,인왕산벽산,2003,, ,59.82,12,465,,,11410,홍제동, 
20130907,"17,000",0,0,홍은동벽산,1997,, ,58.64,1,455,,,11410,홍은동, 
20130912,"17,500",0,0,남가좌동현대,1999,, ,59.4,4,376,,,11410,남가좌동, 
20130913,"2,799",18,0,DMC래미안e편한세상,2012,, ,39.96,8,481,,,11410,북가좌동, 
20130913,"6,022",0,0,DMC래미안e편한세상,2012,, ,39.96,8,481,,,11410,북가좌동, 
20130926,"5,501",22,0,DMC아이파크,2009,, ,32.86,8,458,,,11410,북가좌동, 
20130927,"2,695",14,0,인왕산현대(460-1),2000,, ,32.67,14,460-1,,,11410,홍제동, 
20130928,"16,000",0,0,성원,1998,, ,55.35,4,456,,,11410,홍제동, 
20131017,"17,000",20,0,현대그린,1996,, ,84.96,3,455,,,11410,홍제동, 
20131021,904,13,0,홍제원현대(459-1),2000,, ,32.67,4,459-1,,,11410,홍제동, 
20131022,"2,471",2,0,홍제원현대(459-1),2000,, ,32.67,16,459-1,,,11410,홍제동, 
20131024,"2,707",0,0,홍제원현대(459-1),2000,, ,32.67,3,459-1,,,11410,홍제동, 
20131024,"20,000",140,0,넥서스빌,2002,, ,200.27,6,277-60,,,11410,홍은동, 
20131024,904,13,0,홍제원현대(459-1),2000,, ,32.67,5,459-1,,,11410,홍제동, 
20131026,"13,500",0,0,풍림1차,1988,, ,56.61,6,440-3,,,11410,홍은동, 
20131028,"18,000",30,0,월드컵현대,1998,, ,84.93,5,371-1,,,11410,북가좌동, 
20131028,"2,734",15,0,DMC래미안클라시스(임대),2000,, ,30.56,6,377-1,,,11410,남가좌동, 
20131029,"30,000",0,0,신촌럭키,1999,, ,83.38,6,144,,,11410,대현동, 
20131113,"3,000",90,0,두산,1999,, ,59.96,10,1009,,,11410,북아현동, 
20131116,"5,000",35,0,인왕궁맨숀,1974,, ,71.4,1,104-6,,,11410,홍제동, 
20131119,"2,471",2,0,홍제원현대(459-1),2000,, ,32.67,10,459-1,,,11410,홍제동, 
20131125,"2,946",0,0,북가좌삼호(임대),1996,, ,31.5,13,449-1,,,11410,북가좌동, 
20131130,"2,955",0,0,독립문극동(201-0),1998,, ,27,11,201,,,11410,현저동, 
20131130,"2,657",26,0,돈의문센트레빌(215),2011,, ,30.19,2,261-1,,,11410,냉천동, 
20131130,988,11,0,독립문극동(201-0),1998,, ,27,8,201,,,11410,현저동, 
20131130,"2,304",0,0,독립문극동(201-0),1998,, ,27,7,201,,,11410,현저동, 
20131130,812,12,0,독립문극동(201-0),1998,, ,27,13,201,,,11410,현저동, 
20131130,"6,212",0,0,돈의문센트레빌(215),2011,, ,30.19,3,261-1,,,11410,냉천동, 
20131206,"6,022",0,0,DMC래미안e편한세상,2012,, ,39.96,8,481,,,11410,북가좌동, 
20131207,"5,000",230,0,DMC래미안e편한세상,2012,, ,153.86,22,481,,,11410,북가좌동, 
20131214,"23,500",0,0,인왕산벽산,2003,, ,84.86,2,465,,,11410,홍제동, 
20131215,"5,000",70,0,남가좌동현대,1999,, ,59.4,11,376,,,11410,남가좌동, 
20131222,"13,000",0,0,풍림2,1990,, ,58.5,11,453-2,,,11410,홍은동, 
20131224,"3,000",90,0,금보,2004,, ,71.96,2,151-41,,,11410,연희동, 
20131226,"19,000",50,0,독립문삼호,1995,, ,75.66,10,100,,,11410,영천동, 
20131230,"40,000",0,0,대우푸르지오,2002,, ,114.705,5,739,,,11410,연희동, 
20131230,"24,000",0,0,신촌럭키,1999,, ,83.38,1,144,,,11410,대현동, 
20131231,"1,060",10,0,독립문극동(201-0),1998,, ,27,14,201,,,11410,현저동, 
20140106,"23,000",0,0,미동,1969,, ,111.174,8,189-8,,,11410,충정로3가, 
20140108,"14,500",0,0,"현대(1,2차)",1988,, ,59.97,2,202-5,,,11410,홍은동, 
20140119,"19,500",0,0,극동,1995,, ,84.92,14,454,,,11410,홍은동, 
20140120,"16,000",0,0,성원,1998,, ,55.35,1,456,,,11410,홍제동, 
20140124,"19,000",10,0,독립문파크빌,2000,, ,59.4,11,1019,,,11410,현저동, 
20140126,"25,000",0,0,홍은미성,1985,, ,127.33,1,186-1,,,11410,홍은동, 
20140126,"25,500",0,0,북가좌삼호,1996,, ,84.57,17,449,,,11410,북가좌동, 
20140128,"25,000",0,0,충정리시온,2004,, ,45.75,19,465,,,11410,충정로3가, 
20140129,"16,500",0,0,DMC한양,1987,, ,84.33,1,431,,,11410,북가좌동, 
20140129,"18,000",0,0,홍은동벽산,1997,, ,58.64,1,455,,,11410,홍은동, 
20140207,"45,000",0,0,인왕산어울림,2006,, ,144.68,6,467,,,11410,홍제동, 
20140208,"22,000",0,0,홍제한양,1993,, ,60.06,7,82,,,11410,홍제동, 
20140208,"24,500",0,0,두산,1999,, ,59.96,2,1009,,,11410,북아현동, 
20140208,"18,500",0,0,문화촌현대,2002,, ,59.94,9,463,,,11410,홍제동, 
20140209,"40,000",0,0,DMC래미안e편한세상,2012,, ,84.94,25,481,,,11410,북가좌동, 
20140212,"29,000",0,0,신일해피트리,2005,, ,84.98,10,455,,,11410,북가좌동, 
20140214,"4,000",0,0,독립문극동(200-0),1998,, ,102.45,19,200,,,11410,현저동, 
20140220,"19,000",30,0,월드컵현대,1998,, ,84.93,17,371-1,,,11410,북가좌동, 
20140222,"25,000",0,0,홍은동벽산,1997,, ,84.78,4,455,,,11410,홍은동, 
20140224,"18,000",0,0,풍림2,1990,, ,66.69,5,453-2,,,11410,홍은동, 
20140304,"23,000",0,0,독립문파크빌,2000,, ,59.4,9,1019,,,11410,현저동, 
20140308,"15,000",800,0,독립문극동(200-0),1998,, ,59.58,7,200,,,11410,현저동, 
20140308,"25,000",0,0,DMC현대아파트,2000,, ,84.95,8,453,,,11410,북가좌동, 
20140309,"20,000",0,0,문화촌현대,2002,, ,59.94,16,463,,,11410,홍제동, 
20140315,"5,000",95,0,천연뜨란채,2006,, ,56.02,7,145,,,11410,천연동, 
20140319,"25,800",0,0,동원베네스트,2012,, ,84.9386,6,463,,,11410,홍은동, 
20140319,"27,000",0,0,홍제현대,1992,, ,75.15,5,331,,,11410,홍제동, 
20140321,"26,000",0,0,천연뜨란채,2006,, ,56.02,1,145,,,11410,천연동, 
20140324,"22,000",0,0,남가좌동현대,1999,, ,59.4,15,376,,,11410,남가좌동, 
20140324,"26,000",0,0,청구3차,2001,, ,84.96,3,462,,,11410,홍제동, 
20140402,"7,000",165,0,돈의문센트레빌,2011,, ,84.99,9,261,,,11410,냉천동, 
20140405,"22,000",0,0,독립문파크빌,2000,, ,59.4,7,1019,,,11410,현저동, 
20140412,"17,000",0,0,천연뜨란채,2006,, ,30.17,4,145,,,11410,천연동, 
20140417,"20,000",0,0,성원,2001,, ,59.61,14,740,,,11410,연희동, 
20140417,"12,000",20,0,명지2차,2001,, ,81.72,5,277-95,,,11410,홍은동, 
20140419,"20,000",0,0,신촌럭키,1999,, ,59.7,1,144,,,11410,대현동, 
20140419,"30,000",0,0,DMC래미안e편한세상,2012,, ,59.97,6,481,,,11410,북가좌동, 
20140428,"10,000",68,0,DMC래미안클라시스,2000,, ,84.95,2,377,,,11410,남가좌동, 
20140430,"15,000",0,0,유원,1987,, ,54.54,4,22,,,11410,홍은동, 
20140430,"2,324",0,0,독립문극동(201-0),1998,, ,27,5,201,,,11410,현저동, 
20140508,"21,000",0,0,홍은미성,1985,, ,83.61,12,186-1,,,11410,홍은동, 
20140509,"35,000",0,0,DMC아이파크,2009,, ,84.92,4,458,,,11410,북가좌동, 
20140512,"30,000",0,0,대우푸르지오,2002,, ,84.706,19,739,,,11410,연희동, 
20140520,"5,000",70,0,남가좌동현대,1999,, ,59.4,5,376,,,11410,남가좌동, 
20140522,"23,500",0,0,중앙하이츠,2001,, ,84.97,4,342,,,11410,홍제동, 
20140524,"12,000",0,0,풍림1차,1988,, ,56.61,1,440-3,,,11410,홍은동, 
20140527,"10,500",0,0,연희자이엘라,2014,, ,13.642,4,745,,,11410,연희동, 
20140528,"2,672",25,0,홍은센트레빌,2009,, ,30.38,2,461,,,11410,홍은동, 
20140531,"5,000",0,0,독립문극동(200-0),1998,, ,59.58,3,200,,,11410,현저동, 
20140531,"25,000",0,0,동원베네스트,2012,, ,84.9772,5,463,,,11410,홍은동, 
20140604,"22,000",0,0,"현대(1,2차)",1988,, ,74.52,6,202-5,,,11410,홍은동, 
20140614,"13,500",0,0,동일5차102동,2005,, ,54.04,3,312-275,,,11410,홍제동, 
20140615,"49,000",0,0,홍은동벽산,1997,, ,114.96,8,455,,,11410,홍은동, 
20140621,"21,000",0,0,홍제한양,1993,, ,60.06,13,82,,,11410,홍제동, 
20140625,"8,000",100,0,독립문삼호,1995,, ,84.78,6,100,,,11410,영천동, 
20140626,"15,000",0,0,홍은미성,1985,, ,65.43,8,186-1,,,11410,홍은동, 
20140629,"25,000",0,0,홍은센트레빌,2009,, ,59.96,7,461,,,11410,홍은동, 
20140630,"22,000",0,0,홍은센트레빌,2009,, ,59.96,10,461,,,11410,홍은동, 
20140630,"21,000",0,0,충정솔레디움(102동),2005,, ,80.47,2,30-2,,,11410,충정로3가, 
20140630,"20,000",0,0,유원하나,1996,, ,82.35,9,454,,,11410,홍제동, 
20140702,"25,000",0,0,천연뜨란채,2006,, ,57.78,4,145,,,11410,천연동, 
20140708,"12,000",60,0,독립문극동(200-0),1998,, ,114.51,5,200,,,11410,현저동, 
20140712,"30,000",0,0,DMC래미안클라시스,2000,, ,114.88,6,377,,,11410,남가좌동, 
20140712,"5,000",100,0,인왕산현대,2000,, ,84.9,1,460,,,11410,홍제동, 
20140712,"18,000",40,0,천연뜨란채,2006,, ,57.78,13,145,,,11410,천연동, 
20140713,"33,000",0,0,독립문삼호,1995,, ,84.78,8,100,,,11410,영천동, 
20140717,"5,000",65,0,충정리시온,2004,, ,33.32,10,465,,,11410,충정로3가, 
20140719,"38,000",0,0,DMC래미안e편한세상,2012,, ,84.95,4,481,,,11410,북가좌동, 
20140723,"37,000",0,0,DMC래미안e편한세상,2012,, ,84.95,18,481,,,11410,북가좌동, 
20140729,"28,000",0,0,청구1차,1994,, ,84.78,2,453,,,11410,홍제동, 
20140808,"18,500",0,0,문화촌현대,2002,, ,59.94,8,463,,,11410,홍제동, 
20140809,"25,000",0,0,삼우장미,2009,, ,84.68,5,106-2,,,11410,연희동, 
20140810,"15,000",0,0,그랜드(B동),2003,, ,58.48,1,265-46,,,11410,홍은동, 
20140815,"40,000",0,0,DMC래미안e편한세상,2012,, ,84.95,12,481,,,11410,북가좌동, 
20140816,"34,000",0,0,DMC래미안e편한세상,2012,, ,84.95,6,481,,,11410,북가좌동, 
20140819,"28,000",0,0,홍제한양,1993,, ,84.77,2,82,,,11410,홍제동, 
20140819,"38,000",0,0,DMC센트레빌,2009,, ,84.98,14,381,,,11410,남가좌동, 
20140822,"38,000",0,0,인왕산한신휴플러스,2009,, ,84.925,6,469,,,11410,홍제동, 
20140829,"8,500",0,0,홍제현대,1992,, ,75.15,12,331,,,11410,홍제동, 
20140830,"16,000",0,0,중앙하이츠,2001,, ,59.23,1,342,,,11410,홍제동, 
20140901,"35,000",0,0,신촌럭키,1999,, ,83.38,10,144,,,11410,대현동, 
20140901,"5,000",115,0,두산,1997,, ,84.84,1,456,,,11410,홍은동, 
20140902,"32,000",0,0,DMC래미안e편한세상,2012,, ,59.97,5,481,,,11410,북가좌동, 
20140906,"29,000",0,0,홍제현대,1992,, ,75.15,13,331,,,11410,홍제동, 
20140915,"25,000",0,0,우국한마음,2005,, ,77.02,9,743,,,11410,연희동, 
20140918,"36,000",0,0,DMC래미안e편한세상,2012,, ,84.93,2,481,,,11410,북가좌동, 
20140920,"23,000",0,0,DMC래미안클라시스,2000,, ,59.97,1,377,,,11410,남가좌동, 
20140925,"5,000",55,0,도양라비앙(102동),2003,, ,66.03,5,265-344,,,11410,홍은동, 
20140927,"27,000",0,0,래미안남가좌2차,2005,, ,59.788,3,379,,,11410,남가좌동, 
20140929,"26,500",0,0,홍제한양,1993,, ,84.77,1,82,,,11410,홍제동, 
20141004,"37,000",0,0,DMC래미안e편한세상,2012,, ,84.92,3,481,,,11410,북가좌동, 
20141006,"30,000",0,0,DMC센트레빌,2009,, ,59.95,10,381,,,11410,남가좌동, 
20141010,"27,000",0,0,성원,2001,, ,84.95,1,740,,,11410,연희동, 
20141010,"31,000",0,0,홍제현대,1992,, ,83.05,12,331,,,11410,홍제동, 
20141018,"33,000",0,0,DMC래미안e편한세상,2012,, ,59.97,16,481,,,11410,북가좌동, 
20141019,"27,500",0,0,성원,2001,, ,59.61,6,740,,,11410,연희동, 
20141020,"5,000",0,0,남가좌동현대,1999,, ,59.4,7,376,,,11410,남가좌동, 
20141024,"18,000",0,0,엠화일에이동,2005,, ,71.4,7,135-6,,,11410,남가좌동, 
20141024,"13,000",100,0,대우푸르지오,2002,, ,84.706,12,739,,,11410,연희동, 
20141031,"10,000",0,0,DMC센트레빌,2009,, ,114.9,6,381,,,11410,남가좌동, 
20141102,"5,000",200,0,인왕산한신휴플러스,2009,, ,108.806,6,469,,,11410,홍제동, 
20141103,"17,500",0,0,중앙하이츠,2001,, ,59.23,11,342,,,11410,홍제동, 
20141105,"24,000",0,0,DMC현대아파트,2000,, ,84.95,3,453,,,11410,북가좌동, 
20141109,"22,000",0,0,유원하나,1996,, ,72.34,9,454,,,11410,홍제동, 
20141113,"4,500",100,0,DMC래미안e편한세상,2012,, ,84.95,8,481,,,11410,북가좌동, 
20141113,"30,000",0,0,DMC래미안클라시스,2000,, ,84.9,19,377,,,11410,남가좌동, 
20141114,"37,000",0,0,DMC래미안e편한세상,2012,, ,84.97,2,481,,,11410,북가좌동, 
20141114,"33,000",0,0,DMC두산위브,2007,, ,84.9923,1,459,,,11410,북가좌동, 
20141117,"24,000",0,0,동부센트레빌,2002,, ,59.86,10,260,,,11410,냉천동, 
20141122,"48,000",0,0,돈의문센트레빌,2011,, ,84.99,6,261,,,11410,냉천동, 
20141202,"20,000",0,0,풍림2,1990,, ,58.5,10,453-2,,,11410,홍은동, 
20141203,"33,000",0,0,월드컵현대,1998,, ,111.13,8,371-1,,,11410,북가좌동, 
20141206,"2,000",0,0,두산,1997,, ,59.73,2,456,,,11410,홍은동, 
20141209,"35,000",0,0,에스케이뷰,2008,, ,59.956,7,118,,,11410,합동, 
20141210,"22,000",0,0,홍은동풍림아이원,2002,, ,84.918,17,460,,,11410,홍은동, 
20141210,"27,000",0,0,홍은동아더프라임,2014,, ,59.8736,4,439-1,,,11410,홍은동, 
20141214,"10,000",40,0,남가좌동현대,1999,, ,59.4,10,376,,,11410,남가좌동, 
20141218,"33,000",43,0,DMC래미안e편한세상,2012,, ,120.95,24,481,,,11410,북가좌동, 
20141227,"24,000",0,0,두산,1999,, ,59.96,12,1009,,,11410,북아현동, 
20141229,"23,000",0,0,유원하나,1996,, ,103.11,4,454,,,11410,홍제동, 
20150102,"23,000",0,0,독립문파크빌,2000,, ,59.4,9,1019,,,11410,현저동, 
20150103,"21,000",0,0,풍림2,1990,, ,66.69,15,453-2,,,11410,홍은동, 
20150108,"3,000",110,0,성원,2001,, ,59.61,13,740,,,11410,연희동, 
20150110,"19,000",0,0,홍제한양,1993,, ,60.06,3,82,,,11410,홍제동, 
20150115,"23,000",0,0,두산,1999,, ,59.96,5,1009,,,11410,북아현동, 
20150117,"15,000",40,0,인왕산벽산,2003,, ,59.82,2,465,,,11410,홍제동, 
20150118,"23,000",0,0,"현대(1,2차)",1988,, ,74.52,7,202-5,,,11410,홍은동, 
20150120,"27,000",0,0,홍제삼성래미안,2001,, ,60,12,461,,,11410,홍제동, 
20150123,"33,000",0,0,DMC두산위브,2007,, ,84.9923,1,459,,,11410,북가좌동, 
20150131,"33,000",0,0,DMC래미안e편한세상,2012,, ,59.97,5,481,,,11410,북가좌동, 
20150202,"30,000",0,0,독립문삼호,1995,, ,84.78,2,100,,,11410,영천동, 
20150203,"23,000",0,0,홍제한양,1993,, ,60.06,3,82,,,11410,홍제동, 
20150204,"24,000",0,0,홍은동벽산,1997,, ,84.96,1,455,,,11410,홍은동, 
20150206,"8,000",135,0,DMC래미안e편한세상,2012,, ,84.95,13,481,,,11410,북가좌동, 
20150208,"15,000",30,0,독립문파크빌,2000,, ,59.4,9,1019,,,11410,현저동, 
20150209,"32,000",0,0,홍은동벽산,1997,, ,114.96,4,455,,,11410,홍은동, 
20150211,"24,000",0,0,DMC아이파크,2009,, ,59.96,4,458,,,11410,북가좌동, 
20150214,"28,000",0,0,천연뜨란채,2006,, ,57.78,8,145,,,11410,천연동, 
20150214,"28,000",0,0,홍제원현대(459-0),2000,, ,59.93,8,459,,,11410,홍제동, 
20150228,"33,500",0,0,독립문삼호,1995,, ,84.78,15,100,,,11410,영천동, 
20150306,"55,000",0,0,DMC래미안e편한세상,2012,, ,153.86,27,481,,,11410,북가좌동, 
20150307,"18,000",0,0,풍림2,1990,, ,58.5,6,453-2,,,11410,홍은동, 
20150309,"21,000",20,0,세한숲속마을,2002,, ,83.9,12,산11-244,,,11410,홍은동, 
20150310,"5,000",70,0,선명(102동),2004,, ,66.36,6,703-25,,,11410,연희동, 
20150317,"25,000",0,0,독립문파크빌,2000,, ,59.4,14,1019,,,11410,현저동, 
20150319,"24,000",0,0,두산,1999,, ,59.96,7,1009,,,11410,북아현동, 
20150321,"13,000",100,0,홍제현대,1992,, ,106.18,3,331,,,11410,홍제동, 
20150324,"4,000",70,0,홍은동벽산,1997,, ,58.64,2,455,,,11410,홍은동, 
20150329,"29,000",0,0,홍은미성,1985,, ,127.33,11,186-1,,,11410,홍은동, 
20150331,"17,000",0,0,DMC한양,1987,, ,65.34,8,431,,,11410,북가좌동, 
20150401,"9,500",70,0,남양,1999,, ,83.07,12,457,,,11410,홍제동, 
20150402,"30,000",0,0,반석블레스,2013,, ,84.96,6,440-1,,,11410,홍은동, 
20150406,"5,500",0,0,DMC센트레빌,2009,, ,84.87,6,381,,,11410,남가좌동, 
20150407,"29,000",0,0,경남102동,2008,, ,101.47,1,1010,,,11410,북아현동, 
20150410,"41,000",0,0,독립문극동(200-0),1998,, ,84.87,11,200,,,11410,현저동, 
20150411,"19,000",10,0,홍제한양,1993,, ,60.06,13,82,,,11410,홍제동, 
20150416,"42,000",0,0,DMC센트레빌,2009,, ,84.87,4,381,,,11410,남가좌동, 
20150419,"10,000",35,0,화신,2004,, ,58.4,2,1-78,,,11410,북아현동, 
20150422,"34,000",0,0,홍제한양,1993,, ,84.77,4,82,,,11410,홍제동, 
20150425,"33,000",0,0,독립문극동(200-0),1998,, ,59.58,11,200,,,11410,현저동, 
20150509,"5,000",70,0,남가좌동현대,1999,, ,59.4,12,376,,,11410,남가좌동, 
20150509,"8,000",0,0,DMC래미안클라시스,2000,, ,114.88,14,377,,,11410,남가좌동, 
20150510,"25,000",0,0,남가좌동현대,1999,, ,59.4,6,376,,,11410,남가좌동, 
20150510,"10,000",75,0,DMC래미안클라시스,2000,, ,84.95,2,377,,,11410,남가좌동, 
20150511,"60,000",0,0,성원,2001,, ,135.2,8,740,,,11410,연희동, 
20150516,"23,500",0,0,성원,1998,, ,55.35,5,456,,,11410,홍제동, 
20150517,"41,000",0,0,DMC센트레빌,2009,, ,84.87,10,381,,,11410,남가좌동, 
20150528,"31,000",0,0,대우푸르지오,2002,, ,59.584,7,739,,,11410,연희동, 
20150528,"15,000",40,0,대우푸르지오,2002,, ,59.584,2,739,,,11410,연희동, 
20150530,"7,000",0,0,태영으뜸(데시앙),1998,, ,53.44,1,373,,,11410,홍제동, 
20150601,"35,000",0,0,홍은동벽산,1997,, ,114.96,11,455,,,11410,홍은동, 
20150603,"24,000",0,0,홍제한양,1993,, ,60.06,6,82,,,11410,홍제동, 
20150605,"26,000",0,0,신촌럭키,1999,, ,59.7,15,144,,,11410,대현동, 
20150605,"40,000",0,0,DMC파크뷰자이2단지,2015,, ,84.909,18,385,,,11410,남가좌동, 
20150612,"35,000",0,0,홍은동벽산,1997,, ,142.98,15,455,,,11410,홍은동, 
20150612,"34,000",0,0,홍은동아더프라임,2014,, ,74.8918,5,439-1,,,11410,홍은동, 
20150614,"34,000",0,0,독립문극동(200-0),1998,, ,59.58,6,200,,,11410,현저동, 
20150618,"3,237",0,0,홍제원현대(459-1),2000,15.06~17.06, ,32.67,12,459-1,,,11410,홍제동, 
20150627,"32,500",0,0,청구1차,1994,, ,84.78,13,453,,,11410,홍제동, 
20150629,"43,000",0,0,독립문극동(200-0),1998,, ,102.45,22,200,,,11410,현저동, 
20150704,"6,000",70,0,홍제한양,1993,, ,60.06,11,82,,,11410,홍제동, 
20150705,"23,000",0,0,두산,1999,, ,59.96,2,1009,,,11410,북아현동, 
20150707,"24,000",0,0,홍제한양,1993,, ,60.06,8,82,,,11410,홍제동, 
20150713,"29,000",0,0,문화촌현대,2002,, ,84.99,10,463,,,11410,홍제동, 
20150718,"25,000",0,0,남가좌동현대,1999,, ,59.4,12,376,,,11410,남가좌동, 
20150719,"47,000",0,0,DMC래미안e편한세상,2012,, ,84.95,7,481,,,11410,북가좌동, 
20150720,"22,000",0,0,동일5차101동,2005,, ,84.61,3,312-221,,,11410,홍제동, 
20150723,"21,000",0,0,두산,1999,, ,59.96,2,1009,,,11410,북아현동, 
20150725,"28,000",0,0,신촌럭키,1999,, ,59.7,15,144,,,11410,대현동, 
20150726,"27,000",0,0,홍제한양,1993,, ,60.06,7,82,,,11410,홍제동, 
20150804,"28,000",0,0,성원,2001,, ,59.61,4,740,,,11410,연희동, 
20150808,"36,000",0,0,DMC파크뷰자이1단지,2015,, ,59.981,8,385,,,11410,남가좌동, 
20150814,"10,000",60,0,"현대(1,2차)",1988,, ,59.96,11,202-5,,,11410,홍은동, 
20150815,"13,000",50,0,홍제한양,1993,, ,60.06,2,82,,,11410,홍제동, 
20150817,"15,000",30,0,문화촌현대,2002,, ,59.94,4,463,,,11410,홍제동, 
20150823,"27,000",0,0,홍은동벽산,1997,, ,84.78,7,455,,,11410,홍은동, 
20150826,"33,000",0,0,DMC센트레빌,2009,, ,59.95,3,381,,,11410,남가좌동, 
20150826,"34,500",0,0,북가좌삼호,1996,, ,114.03,10,449,,,11410,북가좌동, 
20150826,"28,000",0,0,두산,1999,, ,59.96,6,1009,,,11410,북아현동, 
20150831,"30,000",0,0,임광,1999,, ,114.79,15,738,,,11410,연희동, 
20150903,"7,000",0,0,초원,1988,, ,49.26,5,8-26,,,11410,홍은동, 
20150904,"43,000",0,0,DMC파크뷰자이1단지,2015,, ,84.971,4,385,,,11410,남가좌동, 
20150905,"7,000",0,0,독립문극동(200-0),1998,, ,84.87,4,200,,,11410,현저동, 
20150910,"20,000",100,0,경남102동,2008,, ,114.75,9,1010,,,11410,북아현동, 
20150918,"33,000",0,0,청구1차,1994,, ,84.78,1,453,,,11410,홍제동, 
20150919,"29,000",0,0,북가좌삼호,1996,, ,84.57,8,449,,,11410,북가좌동, 
20150919,"33,000",0,0,청구1차,1994,, ,84.78,15,453,,,11410,홍제동, 
20150919,"11,500",100,0,문화촌현대,2002,, ,84.99,15,463,,,11410,홍제동, 
20150921,"3,000",110,0,천연뜨란채,2006,, ,57.78,18,145,,,11410,천연동, 
20150921,"20,000",85,0,DMC래미안e편한세상,2012,, ,84.95,20,481,,,11410,북가좌동, 
20151005,"35,000",0,0,DMC두산위브,2007,, ,84.9623,11,459,,,11410,북가좌동, 
20151010,"29,000",0,0,신촌럭키,1999,, ,59.7,4,144,,,11410,대현동, 
20151010,"30,000",0,0,홍은동벽산,1997,, ,84.96,3,455,,,11410,홍은동, 
20151015,"5,000",75,0,홍은동벽산,1997,, ,58.64,6,455,,,11410,홍은동, 
20151018,"28,000",0,0,DMC한양,1987,, ,84.33,9,431,,,11410,북가좌동, 
20151019,"15,000",80,0,신촌럭키,1999,, ,83.38,8,144,,,11410,대현동, 
20151021,"36,000",0,0,DMC래미안클라시스,2000,, ,84.9,15,377,,,11410,남가좌동, 
20151023,"5,000",65,0,남가좌동현대,1999,, ,59.4,2,376,,,11410,남가좌동, 
20151026,"20,000",20,0,월드컵현대,1998,, ,59.76,14,371-1,,,11410,북가좌동, 
20151027,"20,000",20,0,홍제한양,1993,, ,60.06,12,82,,,11410,홍제동, 
20151102,"37,000",0,0,DMC래미안클라시스,2000,, ,114.88,14,377,,,11410,남가좌동, 
20151102,"33,000",0,0,홍제현대,1992,, ,75.15,11,331,,,11410,홍제동, 
20151105,"18,000",0,0,서강2차(2동),1989,, ,94.41,4,186-25,,,11410,홍은동, 
20151108,"27,000",0,0,DMC래미안클라시스,2000,, ,59.97,17,377,,,11410,남가좌동, 
20151114,"44,000",0,0,DMC파크뷰자이1단지,2015,, ,84.971,18,385,,,11410,남가좌동, 
20151121,"27,000",35,0,래미안남가좌2차,2005,, ,84.806,5,379,,,11410,남가좌동, 
20151123,"35,000",0,0,북가좌삼호,1996,, ,114.03,14,449,,,11410,북가좌동, 
20151124,"5,000",120,0,신촌럭키,1999,, ,83.38,12,144,,,11410,대현동, 
20151127,"20,000",70,0,인왕산현대,2000,, ,84.9,18,460,,,11410,홍제동, 
20151130,"23,000",0,0,"현대(1,2차)",1988,, ,59.96,7,202-5,,,11410,홍은동, 
20151201,"38,000",0,0,DMC파크뷰자이1단지,2015,, ,84.968,5,385,,,11410,남가좌동, 
20151201,"41,000",0,0,홍제원현대(459-0),2000,, ,84.9,7,459,,,11410,홍제동, 
20151203,"5,000",100,0,DMC파크뷰자이1단지,2015,, ,59.981,7,385,,,11410,남가좌동, 
20151209,"27,500",0,0,서강,1991,, ,138.9,2,354-6,,,11410,홍제동, 
20151212,"45,000",0,0,DMC파크뷰자이1단지,2015,, ,84.968,16,385,,,11410,남가좌동, 
20151215,"40,000",0,0,홍제원현대(459-0),2000,, ,84.9,13,459,,,11410,홍제동, 
20151217,"18,000",25,0,월드컵현대,1998,, ,59.76,11,371-1,,,11410,북가좌동, 
20151220,"37,000",0,0,DMC파크뷰자이1단지,2015,, ,84.968,6,385,,,11410,남가좌동, 
20151222,"6,000",0,0,성원,2001,, ,59.61,11,740,,,11410,연희동, 
20151225,"20,000",20,0,홍제한양,1993,, ,60.06,2,82,,,11410,홍제동, 
20160106,"20,000",50,0,DMC센트레빌,2009,, ,59.95,13,381,,,11410,남가좌동, 
20160108,"29,000",0,0,"현대(1,2차)",1988,, ,84.77,3,202-5,,,11410,홍은동, 
20160112,"13,000",0,0,연희자이엘라,2014,, ,13.642,9,745,,,11410,연희동, 
20160112,"27,000",0,0,유원하나,1996,, ,82.35,14,454,,,11410,홍제동, 
20160114,"30,000",0,0,신촌럭키,1999,, ,59.7,13,144,,,11410,대현동, 
20160116,"1,000",100,0,충정리시온,2004,, ,38.7,12,465,,,11410,충정로3가, 
20160118,"30,000",0,0,홍제삼성래미안,2001,, ,60,3,461,,,11410,홍제동, 
20160124,"42,000",0,0,DMC래미안e편한세상,2012,, ,84.92,3,481,,,11410,북가좌동, 
20160125,"10,000",110,0,DMC래미안e편한세상,2012,, ,84.95,1,481,,,11410,북가좌동, 
20160130,"20,000",0,0,풍림1차,1988,, ,56.61,9,440-3,,,11410,홍은동, 
20160202,"2,000",108,0,충정리시온,2004,, ,45.75,7,465,,,11410,충정로3가, 
20160203,"20,000",0,0,홍제삼성래미안,2001,, ,32.76,4,461,,,11410,홍제동, 
20160205,"30,000",0,0,"현대(1,2차)",1988,, ,84.77,11,202-5,,,11410,홍은동, 
20160206,"24,000",25,0,두산,1999,, ,59.96,9,1009,,,11410,북아현동, 
20160213,"18,000",0,0,홍제삼성래미안,2001,, ,32.76,3,461,,,11410,홍제동, 
20160220,"29,000",0,0,"현대(1,2차)",1988,, ,84.77,5,202-5,,,11410,홍은동, 
20160220,"37,000",30,0,DMC래미안e편한세상,2012,, ,84.92,7,481,,,11410,북가좌동, 
20160220,"27,000",0,0,홍제한양,1993,, ,60.06,6,82,,,11410,홍제동, 
20160220,"31,000",0,0,인왕산현대,2000,, ,59.93,13,460,,,11410,홍제동, 
20160228,"14,000",60,0,천연뜨란채,2006,, ,56.02,10,145,,,11410,천연동, 
20160305,"19,000",0,0,서강1차(1동),1988,, ,71.53,1,186-22,,,11410,홍은동, 
20160305,"40,000",40,0,신원지벤스타4,2005,, ,191.28,2,393-1,,,11410,홍은동, 
20160308,"42,000",0,0,DMC파크뷰자이3단지,2015,, ,59.981,17,385,,,11410,남가좌동, 
20160308,"26,000",0,0,중앙하이츠,2001,, ,84.79,12,342,,,11410,홍제동, 
20160313,"19,000",15,0,두산,1997,, ,59.73,8,456,,,11410,홍은동, 
20160314,"3,000",40,0,연희자이엘라,2014,, ,13.642,6,745,,,11410,연희동, 
20160326,"29,000",0,0,남가좌동현대,1999,, ,59.4,16,376,,,11410,남가좌동, 
20160328,"15,500",30,0,태영으뜸(데시앙),1998,, ,85.29,9,373,,,11410,홍제동, 
20160330,"15,500",30,0,행복한,2006,, ,52.74,5,3-46,,,11410,충정로3가, 
20160330,"30,000",0,0,두산,1999,, ,59.96,5,1009,,,11410,북아현동, 
20160404,"15,000",13,0,천연뜨란채,2006,, ,30.17,7,145,,,11410,천연동, 
20160411,"6,000",42,0,3RU-City,2013,, ,25.06,9,510-2,,,11410,창천동, 
20160411,"8,000",165,0,돈의문센트레빌,2011,, ,84.99,9,261,,,11410,냉천동, 
20160413,"20,000",0,0,유원하나,1996,, ,58.77,5,454,,,11410,홍제동, 
20160416,"32,000",0,0,인왕산현대,2000,, ,59.93,16,460,,,11410,홍제동, 
20160418,"27,000",0,0,홍제한양,1993,, ,60.06,2,82,,,11410,홍제동, 
20160422,"28,000",0,0,두산,1999,, ,59.96,6,1009,,,11410,북아현동, 
20160426,"40,000",0,0,독립문극동(200-0),1998,, ,84.87,1,200,,,11410,현저동, 
20160429,"10,000",50,0,홍제한양,1993,, ,84.77,11,82,,,11410,홍제동, 
20160430,"18,000",0,0,유원,1987,, ,54.54,3,22,,,11410,홍은동, 
20160506,"25,000",0,0,제니스APT,2016,, ,41.81,7,171-10,,,11410,연희동, 
20160509,"38,000",0,0,인왕산벽산,2003,, ,116.28,6,465,,,11410,홍제동, 
20160512,"5,000",60,0,천연뜨란채,2006,, ,30.17,1,145,,,11410,천연동, 
20160514,"15,000",20,0,홍제삼성래미안,2001,, ,32.76,6,461,,,11410,홍제동, 
20160521,"32,000",0,0,홍제원현대(459-0),2000,, ,59.93,17,459,,,11410,홍제동, 
20160521,"30,500",0,0,두산,1999,, ,59.96,3,1009,,,11410,북아현동, 
20160526,"31,000",0,0,홍제원현대(459-0),2000,, ,59.93,15,459,,,11410,홍제동, 
20160526,"18,000",0,0,천연뜨란채,2006,, ,30.17,5,145,,,11410,천연동, 
20160530,"28,500",0,0,예스에이피엠,2007,, ,63.41,13,145,,,11410,대현동, 
20160531,"47,000",0,0,대우푸르지오,2002,, ,114.705,20,739,,,11410,연희동, 
20160607,"34,000",0,0,동부센트레빌,2002,, ,59.86,12,260,,,11410,냉천동, 
20160609,"10,000",110,0,독립문극동(200-0),1998,, ,84.87,10,200,,,11410,현저동, 
20160614,"20,000",40,0,청구3차,2001,, ,59.4,5,462,,,11410,홍제동, 
20160618,"31,000",0,0,DMC래미안클라시스,2000,, ,59.59,13,377,,,11410,남가좌동, 
20160618,"36,000",0,0,천연뜨란채,2006,, ,57.78,17,145,,,11410,천연동, 
20160618,"35,500",0,0,천연뜨란채,2006,, ,57.78,9,145,,,11410,천연동, 
20160618,"18,000",60,0,천연뜨란채,2006,, ,57.78,13,145,,,11410,천연동, 
20160622,"33,000",0,0,대우푸르지오,2002,, ,59.584,5,739,,,11410,연희동, 
20160625,"4,000",90,0,현대그린,1996,, ,84.96,5,455,,,11410,홍제동, 
20160627,"38,000",0,0,현대,1992,, ,84.32,2,185-15,,,11410,충정로2가, 
20160702,"37,500",0,0,쌍용스윗닷홈,2005,, ,84.98,14,380,,,11410,남가좌동, 
20160704,"56,000",0,0,DMC파크뷰자이1단지,2015,, ,84.971,13,385,,,11410,남가좌동, 
20160709,"12,000",35,0,홍은동벽산,1997,, ,58.64,1,455,,,11410,홍은동, 
20160712,"54,000",0,0,에스케이뷰,2008,, ,84.909,20,118,,,11410,합동, 
20160712,"27,500",0,0,현대그린,1996,, ,84.96,2,455,,,11410,홍제동, 
20160716,"38,000",0,0,대림,1993,, ,119.49,10,700,,,11410,연희동, 
20160720,"26,000",0,0,행복한,2006,, ,53.64,5,3-46,,,11410,충정로3가, 
20160723,"37,000",0,0,청구1차,1994,, ,84.78,5,453,,,11410,홍제동, 
20160725,"20,000",30,0,월드컵현대,1998,, ,59.76,8,371-1,,,11410,북가좌동, 
20160725,"25,000",65,0,DMC아이파크,2009,, ,84.93,3,458,,,11410,북가좌동, 
20160801,"27,000",0,0,세한숲속마을,2002,, ,83.9,14,산11-244,,,11410,홍은동, 
20160808,"34,000",0,0,동부센트레빌,2002,, ,59.86,10,260,,,11410,냉천동, 
20160817,"65,000",0,0,DMC래미안e편한세상,2012,, ,120.95,7,481,,,11410,북가좌동, 
20160820,"2,000",110,0,충정리시온,2004,, ,45.89,19,465,,,11410,충정로3가, 
20160823,"5,000",220,0,DMC래미안e편한세상,2012,, ,120.95,13,481,,,11410,북가좌동, 
20160824,"32,000",0,0,DMC한양,1987,, ,116.76,2,431,,,11410,북가좌동, 
20160827,"4,000",130,0,신촌럭키,1999,, ,83.38,8,144,,,11410,대현동, 
20160829,"10,000",120,0,월드컵현대,1998,, ,111.13,11,371-1,,,11410,북가좌동, 
20160830,"38,000",0,0,홍제현대,1992,, ,83.05,12,331,,,11410,홍제동, 
20160831,"37,000",0,0,로얄훼미리아파트A동,2004,, ,80.37,3,69-23,,,11410,충정로2가, 
20160901,"65,000",0,0,e편한세상신촌2단지,2018,, ,84.95,16,1013,,,11410,북아현동, 
20160905,"3,000",80,0,중앙하이츠,2001,, ,59.23,9,342,,,11410,홍제동, 
20160907,"30,000",0,0,현대그린,1996,, ,84.96,4,455,,,11410,홍제동, 
20160910,"60,000",0,0,e편한세상신촌1단지,2018,, ,84.98,11,1013,,,11410,북아현동, 
20160923,"33,000",0,0,홍제원현대(459-0),2000,, ,59.93,5,459,,,11410,홍제동, 
20160924,"21,000",0,0,백련,2004,, ,84.6,4,277-105,,,11410,홍은동, 
20160925,"20,000",0,0,성원,1998,, ,41.5,7,456,,,11410,홍제동, 
20160925,"42,000",0,0,DMC이랜드해가든,2007,, ,84.91,12,460,,,11410,북가좌동, 
20160928,"23,000",20,0,두산,1997,, ,84.84,13,456,,,11410,홍은동, 
20160929,"37,000",0,0,홍은동풍림아이원,2002,, ,116.101,15,460,,,11410,홍은동, 
20161001,"30,000",135,0,DMC래미안e편한세상,2012,, ,120.95,10,481,,,11410,북가좌동, 
20161003,"25,000",0,0,홍은동벽산,1997,, ,58.64,2,455,,,11410,홍은동, 
20161008,"53,000",0,0,성원,2001,, ,115.06,9,740,,,11410,연희동, 
20161014,"25,000",0,0,DMC현대아파트,2000,, ,84.63,3,453,,,11410,북가좌동, 
20161015,"63,000",0,0,e편한세상신촌2단지,2018,, ,84.98,16,1013,,,11410,북아현동, 
20161018,"38,000",0,0,청구1차,1994,, ,84.78,12,453,,,11410,홍제동, 
20161029,"56,000",0,0,신촌푸르지오,2015,, ,84.9892,8,1011,,,11410,북아현동, 
20161029,"35,000",0,0,문화촌현대,2002,, ,84.99,1,463,,,11410,홍제동, 
20161029,"23,000",30,0,DMC한양,1987,, ,84.33,8,431,,,11410,북가좌동, 
20161031,"40,000",45,0,DMC래미안e편한세상,2012,, ,84.95,2,481,,,11410,북가좌동, 
20161102,"15,000",80,0,인왕산현대,2000,, ,84.9,11,460,,,11410,홍제동, 
20161103,"20,000",40,0,홍제원현대(459-0),2000,, ,59.93,5,459,,,11410,홍제동, 
20161103,"58,000",0,0,DMC래미안e편한세상,2012,, ,84.95,2,481,,,11410,북가좌동, 
20161104,"21,000",0,0,극동,1995,, ,84.92,6,454,,,11410,홍은동, 
20161107,"51,000",0,0,DMC래미안e편한세상,2012,, ,84.92,3,481,,,11410,북가좌동, 
20161112,"30,000",0,0,두산,1999,, ,59.96,4,1009,,,11410,북아현동, 
20161115,"50,000",0,0,홍제원현대(459-0),2000,, ,114.72,11,459,,,11410,홍제동, 
20161117,"27,000",0,0,문화촌현대,2002,, ,59.94,5,463,,,11410,홍제동, 
20161119,"31,000",0,0,DMC한양,1987,, ,105.88,3,431,,,11410,북가좌동, 
20161130,"39,000",0,0,DMC래미안클라시스,2000,, ,84.9,8,377,,,11410,남가좌동, 
20161203,"43,000",0,0,홍제원현대(459-0),2000,, ,114.72,10,459,,,11410,홍제동, 
20161206,"25,000",0,0,성원,1998,, ,55.35,11,456,,,11410,홍제동, 
20161211,"24,000",0,0,풍림2,1990,, ,58.5,1,453-2,,,11410,홍은동, 
20161212,"28,000",0,0,홍제한양,1993,, ,60.06,13,82,,,11410,홍제동, 
20161216,"20,000",37,0,DMC래미안클라시스,2000,, ,59.59,2,377,,,11410,남가좌동, 
20161219,"3,000",90,0,홍은센트레빌,2009,, ,59.96,6,461,,,11410,홍은동, 
20161223,"40,000",0,0,신촌럭키,1999,, ,83.38,5,144,,,11410,대현동, 
20161231,"33,000",0,0,대우푸르지오,2002,, ,59.79,5,739,,,11410,연희동, 
20161231,"25,000",90,0,DMC래미안e편한세상,2012,, ,84.97,2,481,,,11410,북가좌동, 
20161231,"47,000",0,0,e편한세상신촌2단지,2018,, ,59.85,13,1013,,,11410,북아현동, 
20170103,"28,000",0,0,홍제한양,1993,, ,60.06,4,82,,,11410,홍제동, 
20170103,"64,000",0,0,e편한세상신촌2단지,2018,, ,84.98,8,1013,,,11410,북아현동, 
20170105,"24,000",40,0,천연뜨란채,2006,, ,57.78,15,145,,,11410,천연동, 
20170110,"55,000",0,0,DMC래미안e편한세상,2012,, ,84.95,5,481,,,11410,북가좌동, 
20170110,"33,000",0,0,대우푸르지오,2002,, ,59.584,17,739,,,11410,연희동, 
20170111,"40,000",60,0,e편한세상신촌2단지,2018,, ,84.98,11,1013,,,11410,북아현동, 
20170114,"57,000",0,0,e편한세상신촌1단지,2018,, ,84.98,11,1013,,,11410,북아현동, 
20170114,"48,000",0,0,DMC래미안e편한세상,2012,, ,59.97,6,481,,,11410,북가좌동, 
20170122,"64,500",0,0,e편한세상신촌4단지,2018,, ,84.89,14,1013,,,11410,북아현동, 
20170130,"10,000",40,0,유원,1987,, ,54.54,11,22,,,11410,홍은동, 
20170202,"20,000",68,0,e편한세상신촌1단지,2018,, ,59.85,4,1013,,,11410,북아현동, 
20170203,"52,000",0,0,DMC파크뷰자이2단지,2015,, ,84.968,11,385,,,11410,남가좌동, 
20170203,"5,147",13,0,e편한세상신촌3단지,2018,, ,42.33,12,1013,,,11410,북아현동, 
20170206,"8,719",11,0,e편한세상신촌2단지,2018,, ,59.85,13,1013,,,11410,북아현동, 
20170211,"31,000",0,0,두산,1999,, ,59.96,17,1009,,,11410,북아현동, 
20170212,"47,000",0,0,e편한세상신촌3단지,2018,, ,59.97,3,1013,,,11410,북아현동, 
20170221,"30,000",65,0,e편한세상신촌2단지,2018,, ,59.85,18,1013,,,11410,북아현동, 
20170225,"5,000",60,0,성원,1998,, ,41.5,10,456,,,11410,홍제동, 
20170225,"33,000",50,0,DMC래미안e편한세상,2012,, ,59.97,5,481,,,11410,북가좌동, 
20170228,"3,000",100,0,충정리시온,2004,, ,44.88,18,465,,,11410,충정로3가, 
20170305,"55,000",0,0,e편한세상신촌1단지,2018,, ,84.98,1,1013,,,11410,북아현동, 
20170307,"8,000",0,0,서소문,1971,, ,42.64,5,215,,,11410,미근동, 
20170311,"40,500",0,0,청구1차,1994,, ,84.78,13,453,,,11410,홍제동, 
20170311,"45,000",0,0,홍제원현대(459-0),2000,, ,84.9,5,459,,,11410,홍제동, 
20170314,"5,000",80,0,미동,1969,, ,112.132,8,189-8,,,11410,충정로3가, 
20170315,"3,000",40,0,연희자이엘라,2014,, ,13.642,6,745,,,11410,연희동, 
20170316,"10,000",180,0,e편한세상신촌2단지,2018,, ,84.93,19,1013,,,11410,북아현동, 
20170318,"28,000",0,0,신원,2002,, ,84.06,2,163-30,,,11410,연희동, 
20170319,"7,000",0,0,독립문극동(200-0),1998,, ,102.45,15,200,,,11410,현저동, 
20170327,"20,000",30,0,충정리시온,2004,, ,44.88,13,465,,,11410,충정로3가, 
20170401,"33,000",0,0,DMC래미안클라시스,2000,, ,59.93,1,377,,,11410,남가좌동, 
20170403,"1,000",30,0,동호,2003,, ,74.56,5,1-37,,,11410,충정로3가, 
20170407,"40,000",0,0,제이씨라디앙,2005,, ,196.98,8,277-108,,,11410,홍은동, 
20170408,"24,000",0,0,디엠씨엘가,2017,, ,30.36,8,387,,,11410,남가좌동, 
20170408,"2,400",0,0,디엠씨엘가,2017,, ,30.36,8,387,,,11410,남가좌동, 
20170408,"33,000",0,0,천연뜨란채,2006,, ,57.78,17,145,,,11410,천연동, 
20170414,"10,000",100,0,성원,2001,, ,115.06,4,740,,,11410,연희동, 
20170420,"30,000",0,0,남가좌동현대,1999,, ,59.4,3,376,,,11410,남가좌동, 
20170424,"37,000",0,0,독립문극동(200-0),1998,, ,59.58,23,200,,,11410,현저동, 
20170425,"55,000",0,0,DMC래미안e편한세상,2012,, ,84.95,19,481,,,11410,북가좌동, 
20170501,"17,500",0,0,성원,1998,, ,41.5,2,456,,,11410,홍제동, 
20170507,"37,000",0,0,독립문삼호,1995,, ,84.78,2,100,,,11410,영천동, 
20170508,"35,000",0,0,홍은동아더프라임,2014,, ,74.8918,15,439-1,,,11410,홍은동, 
20170516,"36,000",0,0,반석블레스,2013,, ,84.96,10,440-1,,,11410,홍은동, 
20170517,"30,000",0,0,풍림2,1990,, ,84.93,13,453-2,,,11410,홍은동, 
20170522,"40,000",0,0,홍은동풍림아이원,2002,, ,130.539,9,460,,,11410,홍은동, 
20170523,"28,000",0,0,극동,1995,, ,84.92,14,454,,,11410,홍은동, 
20170525,"52,500",0,0,e편한세상신촌3단지,2018,, ,84.93,2,1013,,,11410,북아현동, 
20170529,"10,000",0,0,초원,1988,, ,49.26,5,8-26,,,11410,홍은동, 
20170530,"10,000",85,0,독립문극동(200-0),1998,, ,59.58,3,200,,,11410,현저동, 
20170602,"33,000",0,0,인왕산벽산,2003,, ,84.63,2,465,,,11410,홍제동, 
20170609,"35,500",0,0,홍은동아더프라임,2014,, ,74.8918,12,439-1,,,11410,홍은동, 
20170610,"28,000",0,0,독립문파크빌,2000,, ,59.4,11,1019,,,11410,현저동, 
20170611,"27,000",0,0,홍제한양,1993,, ,60.06,12,82,,,11410,홍제동, 
20170612,"14,000",50,0,세한숲속마을,2002,, ,83.9,8,산11-244,,,11410,홍은동, 
20170615,"34,000",0,0,인왕산현대,2000,, ,59.93,12,460,,,11410,홍제동, 
20170620,"35,000",0,0,"현대(1,2차)",1988,, ,84.77,4,202-5,,,11410,홍은동, 
20170621,"26,000",0,0,유원하나,1996,, ,72.34,9,454,,,11410,홍제동, 
20170623,"36,000",0,0,문화촌현대,2002,, ,84.99,20,463,,,11410,홍제동, 
20170629,"38,000",0,0,북가좌삼호,1996,, ,84.57,15,449,,,11410,북가좌동, 
20170702,"19,500",55,0,일진아이윌,2005,, ,64.455,6,218-16,,,11410,연희동, 
20170704,"23,000",0,0,조한,2000,, ,84.992,8,458,,,11410,홍제동, 
20170715,"24,000",10,0,홍제한양,1993,, ,60.06,8,82,,,11410,홍제동, 
20170717,"58,800",0,0,DMC파크뷰자이1단지,2015,, ,84.968,11,385,,,11410,남가좌동, 
20170717,"55,000",0,0,DMC래미안e편한세상,2012,, ,84.97,13,481,,,11410,북가좌동, 
20170719,"8,000",85,0,천연뜨란채,2006,, ,57.78,11,145,,,11410,천연동, 
20170721,"36,000",0,0,홍은동아더프라임,2014,, ,74.8918,14,439-1,,,11410,홍은동, 
20170724,"48,000",0,0,DMC파크뷰자이2단지,2015,, ,84.99,3,385,,,11410,남가좌동, 
20170725,"32,000",0,0,요진,1998,, ,82.08,12,150,,,11410,북가좌동, 
20170727,"45,000",0,0,홍제현대,1992,, ,106.18,4,331,,,11410,홍제동, 
20170801,"31,000",0,0,홍은동아더프라임,2014,, ,59.8736,8,439-1,,,11410,홍은동, 
20170805,"28,000",0,0,남가좌동현대,1999,, ,59.4,6,376,,,11410,남가좌동, 
20170805,"55,000",0,0,DMC파크뷰자이2단지,2015,, ,84.968,5,385,,,11410,남가좌동, 
20170819,"25,500",0,0,디엠씨엘가,2017,, ,30.36,9,387,,,11410,남가좌동, 
20170819,"1,000",62,0,연희자이엘라,2014,, ,13.642,4,745,,,11410,연희동, 
20170826,"19,000",0,0,천연뜨란채,2006,, ,30.17,2,145,,,11410,천연동, 
20170827,"55,000",0,0,DMC파크뷰자이1단지,2015,, ,84.968,11,385,,,11410,남가좌동, 
20170828,"20,000",60,0,진흥,2002,, ,78.02,3,459,,,11410,홍은동, 
20170829,"30,000",0,0,경남102동,2008,, ,59.97,4,1010,,,11410,북아현동, 
20170830,"54,000",0,0,DMC파크뷰자이2단지,2015,, ,84.968,1,385,,,11410,남가좌동, 
20170912,"40,000",20,0,DMC파크뷰자이1단지,2015,, ,59.977,4,385,,,11410,남가좌동, 
20170919,"54,000",0,0,DMC파크뷰자이1단지,2015,, ,84.971,24,385,,,11410,남가좌동, 
20170919,"44,000",0,0,지벤스타S동(392-13),2006,, ,170.43,1,392-13,,,11410,홍은동, 
20170920,"28,000",0,0,홍제한양,1993,, ,60.06,11,82,,,11410,홍제동, 
20170923,"31,000",0,0,충정리시온,2004,, ,45.89,6,465,,,11410,충정로3가, 
20170924,"47,000",0,0,성원쌍떼빌팰리스,2005,, ,84.98,11,742,,,11410,연희동, 
20170927,"40,000",0,0,홍제현대,1992,, ,83.05,15,331,,,11410,홍제동, 
20170927,"28,000",0,0,홍제현대,1992,, ,60.81,5,331,,,11410,홍제동, 
20170928,"25,000",0,0,명가,2009,, ,79.92,4,398-6,,,11410,홍은동, 
20170929,"41,000",0,0,신원지벤스타5,2005,, ,134.18,3,393-2,,,11410,홍은동, 
20171013,"29,000",0,0,"현대(1,2차)",1988,, ,74.52,7,202-5,,,11410,홍은동, 
20171013,"26,000",20,0,충정리시온,2004,, ,44.88,9,465,,,11410,충정로3가, 
20171014,"18,000",0,0,"현대(1,2차)",1988,, ,73.98,2,202-5,,,11410,홍은동, 
20171017,"47,000",0,0,홍제현대,1992,, ,119.32,5,331,,,11410,홍제동, 
20171018,"33,000",0,0,홍제원현대(459-0),2000,, ,59.93,8,459,,,11410,홍제동, 
20171024,"22,000",0,0,홍제한양,1993,, ,84.77,4,82,,,11410,홍제동, 
20171028,"5,000",120,0,신촌럭키,1999,, ,83.38,12,144,,,11410,대현동, 
20171029,"43,000",0,0,DMC파크뷰자이3단지,2015,, ,59.981,17,385,,,11410,남가좌동, 
20171030,"39,000",0,0,연희아트빌,2001,, ,103.98,5,91-2,,,11410,연희동, 
20171030,"45,000",57,0,신촌푸르지오,2015,, ,84.9559,15,1011,,,11410,북아현동, 
20171104,"44,000",0,0,인왕산벽산,2003,, ,116.28,3,465,,,11410,홍제동, 
20171111,"28,000",0,0,홍제한양,1993,, ,60.06,12,82,,,11410,홍제동, 
20171111,"37,000",0,0,홍제한양,1993,, ,84.77,7,82,,,11410,홍제동, 
20171114,"46,000",0,0,DMC파크뷰자이1단지,2015,, ,59.981,12,385,,,11410,남가좌동, 
20171117,"26,000",0,0,풍림2,1990,, ,66.69,5,453-2,,,11410,홍은동, 
20171118,"50,000",0,0,DMC래미안e편한세상,2012,, ,84.97,10,481,,,11410,북가좌동, 
20171118,"35,000",0,0,남가좌동현대,1999,, ,84.78,4,376,,,11410,남가좌동, 
20171119,"34,000",0,0,홍은동벽산,1997,, ,84.78,15,455,,,11410,홍은동, 
20171130,"2,000",95,0,선명(101동),2005,, ,66.77,2,703-32,,,11410,연희동, 
20171130,"26,000",0,0,경남102동,2008,, ,59.97,3,1010,,,11410,북아현동, 
20171203,"90,000",0,0,DMC래미안e편한세상,2012,, ,201.71,34,481,,,11410,북가좌동, 
20171206,"10,000",75,0,홍제원현대(459-0),2000,, ,59.93,6,459,,,11410,홍제동, 
20171206,"10,000",0,0,홍제원현대(459-0),2000,, ,59.93,6,459,,,11410,홍제동, 
20171209,"34,000",0,0,홍제삼성래미안,2001,, ,60,13,461,,,11410,홍제동, 
20171210,"45,000",0,0,북한산더샵,2017,, ,84.83,6,464,,,11410,홍은동, 
20171210,"16,000",25,0,홍제삼성래미안,2001,, ,32.76,11,461,,,11410,홍제동, 
20171212,"48,000",0,0,신촌푸르지오,2015,, ,59.88,2,1011,,,11410,북아현동, 
20171215,"45,000",0,0,북한산더샵,2017,, ,84.96,19,464,,,11410,홍은동, 
20171218,"39,000",0,0,래미안남가좌2차,2005,, ,59.788,1,379,,,11410,남가좌동, 
20171222,"35,000",0,0,홍제현대,1992,, ,75.15,15,331,,,11410,홍제동, 
20180104,"25,000",0,0,충우,2003,, ,70.33,6,105-16,,,11410,연희동, 
20180111,"7,913",29,0,e편한세상신촌2단지,2018,, ,32.74,1,1013,,,11410,북아현동, 
20180111,"38,500",0,0,홍제현대,1992,, ,83.05,15,331,,,11410,홍제동, 
20180113,"35,000",60,0,돈의문센트레빌,2011,, ,84.99,6,261,,,11410,냉천동, 
20180117,"28,000",0,0,"현대(1,2차)",1988,, ,59.96,15,202-5,,,11410,홍은동, 
20180118,"34,000",0,0,동원베네스트,2012,, ,84.9772,12,463,,,11410,홍은동, 
20180121,"30,500",0,0,홍제삼성래미안,2001,, ,60,10,461,,,11410,홍제동, 
20180124,"33,000",0,0,홍제삼성래미안,2001,, ,60,2,461,,,11410,홍제동, 
20180128,"31,500",0,0,홍제한양,1993,, ,60.06,9,82,,,11410,홍제동, 
20180129,"20,000",50,0,래미안남가좌2차,2005,, ,59.788,3,379,,,11410,남가좌동, 
20180208,"20,000",83,0,북한산더샵,2017,, ,59.9,15,464,,,11410,홍은동, 
20180208,"28,000",0,0,세한숲속마을,2002,, ,83.9,13,산11-244,,,11410,홍은동, 
20180209,"37,000",0,0,서강주상복합,1998,, ,140.72,12,404-1,,,11410,홍은동, 
20180210,"50,000",0,0,북한산더샵,2017,, ,84.83,20,464,,,11410,홍은동, 
20180211,"50,000",0,0,북한산더샵,2017,, ,84.83,8,464,,,11410,홍은동, 
20180219,"31,000",0,0,남가좌동현대,1999,, ,59.4,15,376,,,11410,남가좌동, 
20180222,"32,000",0,0,남가좌동현대,1999,, ,59.4,14,376,,,11410,남가좌동, 
20180224,"32,000",0,0,홍은동벽산,1997,, ,84.96,2,455,,,11410,홍은동, 
20180224,"42,000",0,0,홍제원현대(459-0),2000,, ,84.9,10,459,,,11410,홍제동, 
20180226,"53,000",0,0,독립문극동(200-0),1998,, ,84.87,16,200,,,11410,현저동, 
20180305,"40,000",0,0,독립문극동(200-0),1998,, ,59.58,13,200,,,11410,현저동, 
20180312,"36,000",0,0,홍제현대,1992,, ,75.15,15,331,,,11410,홍제동, 
20180312,"45,000",0,0,홍제원현대(459-0),2000,, ,84.9,16,459,,,11410,홍제동, 
20180319,"45,000",0,0,독립문극동(200-0),1998,, ,84.87,2,200,,,11410,현저동, 
20180320,"36,000",0,0,홍제현대,1992,, ,75.15,15,331,,,11410,홍제동, 
20180323,"21,000",0,0,서강1차(1동),1988,, ,71.53,1,186-22,,,11410,홍은동, 
20180323,"28,400",0,0,독립문파크빌,2000,, ,59.4,1,1019,,,11410,현저동, 
20180324,"31,000",0,0,남가좌동현대,1999,, ,59.4,16,376,,,11410,남가좌동, 
20180326,"20,000",100,0,DMC파크뷰자이1단지,2015,, ,84.98,13,385,,,11410,남가좌동, 
20180331,"35,000",0,0,홍제원현대(459-0),2000,, ,59.93,11,459,,,11410,홍제동, 
20180403,"34,000",0,0,청구3차,2001,, ,59.4,6,462,,,11410,홍제동, 
20180412,"30,000",0,0,독립문파크빌,2000,, ,59.4,4,1019,,,11410,현저동, 
20180413,"47,000",0,0,홍제현대,1992,, ,106.18,13,331,,,11410,홍제동, 
20180418,"38,000",90,0,신촌럭키,1999,, ,121.6,11,144,,,11410,대현동, 
20180419,"52,000",0,0,독립문극동(200-0),1998,, ,84.87,9,200,,,11410,현저동, 
20180419,"20,000",0,0,DMC래미안클라시스,2000,, ,114.93,4,377,,,11410,남가좌동, 
20180420,"30,000",40,0,독립문극동(200-0),1998,, ,84.87,1,200,,,11410,현저동, 
20180421,"45,000",0,0,홍은동벽산,1997,, ,142.98,13,455,,,11410,홍은동, 
20180426,"34,000",0,0,DMC래미안클라시스,2000,, ,59.97,14,377,,,11410,남가좌동, 
20180428,"36,000",0,0,서대문노블루체,2018,, ,49.98,8,274-32,,,11410,홍은동, 
20180507,"43,000",0,0,홍은동벽산,1997,, ,142.98,6,455,,,11410,홍은동, 
20180512,"50,000",0,0,독립문극동(200-0),1998,, ,84.87,20,200,,,11410,현저동, 
20180512,"45,000",0,0,신촌럭키,1999,, ,83.38,12,144,,,11410,대현동, 
20180515,"30,000",0,0,서대문노블루체,2018,, ,43.89,10,274-32,,,11410,홍은동, 
20180517,"32,000",0,0,성원,2001,, ,59.61,14,740,,,11410,연희동, 
20180519,"22,000",0,0,서대문노블루체,2018,, ,29.07,9,274-32,,,11410,홍은동, 
20180519,"23,000",0,0,홍제삼성래미안,2001,, ,32.76,2,461,,,11410,홍제동, 
20180527,"30,000",0,0,동원베네스트,2012,, ,84.9573,7,463,,,11410,홍은동, 
20180530,"50,000",0,0,독립문극동(200-0),1998,, ,84.87,14,200,,,11410,현저동, 
20180530,"33,000",0,0,두산,1999,, ,59.96,10,1009,,,11410,북아현동, 
20180602,"25,000",0,0,홍은동벽산,1997,, ,58.64,14,455,,,11410,홍은동, 
20180607,"20,000",40,0,동부센트레빌,2002,, ,59.86,10,260,,,11410,냉천동, 
20180607,"35,000",0,0,홍은동벽산,1997,, ,84.78,14,455,,,11410,홍은동, 
20180608,"40,000",80,0,인왕산어울림,2006,, ,144.68,12,467,,,11410,홍제동, 
20180616,"38,000",0,0,천연뜨란채,2006,, ,55.85,16,145,,,11410,천연동, 
20180618,"50,000",0,0,독립문극동(200-0),1998,, ,84.87,6,200,,,11410,현저동, 
20180620,"34,000",0,0,두산,1999,, ,59.96,16,1009,,,11410,북아현동, 
20180623,"34,000",0,0,HDX휴팰리스,2018,, ,59.1032,17,465,,,11410,홍은동, 
20180625,"46,000",0,0,DMC래미안클라시스,2000,, ,114.93,1,377,,,11410,남가좌동, 
20180629,"31,000",0,0,홍제현대,1992,, ,60.81,1,331,,,11410,홍제동, 
20180710,"25,000",0,0,세한숲속마을,2002,, ,83.9,13,산11-244,,,11410,홍은동, 
20180711,"23,500",0,0,홍은동벽산,1997,, ,142.98,2,455,,,11410,홍은동, 
20180713,"41,000",0,0,DMC센트레빌,2009,, ,59.95,5,381,,,11410,남가좌동, 
20180714,"40,000",0,0,DMC래미안클라시스,2000,, ,84.95,12,377,,,11410,남가좌동, 
20180714,"33,500",0,0,홍제원현대(459-0),2000,, ,59.93,7,459,,,11410,홍제동, 
20180717,"33,000",0,0,HDX휴팰리스,2018,, ,59.0362,5,465,,,11410,홍은동, 
20180719,"46,000",0,0,성원,2001,, ,84.95,16,740,,,11410,연희동, 
20180728,"35,000",0,0,신촌럭키,1999,, ,59.7,9,144,,,11410,대현동, 
20180729,"54,000",0,0,e편한세상신촌1단지,2018,, ,59.85,9,1013,,,11410,북아현동, 
20180731,"27,000",0,0,유원하나,1996,, ,72.34,11,454,,,11410,홍제동, 
20180808,"40,000",0,0,홍제현대,1992,, ,75.15,10,331,,,11410,홍제동, 
20180811,"19,000",0,0,태영으뜸(데시앙),1998,, ,43.72,7,373,,,11410,홍제동, 
20180811,"53,000",0,0,독립문극동(200-0),1998,, ,84.87,20,200,,,11410,현저동, 
20180812,"26,000",30,0,현대그린,1996,, ,84.96,2,455,,,11410,홍제동, 
20180817,"15,000",50,0,DMC래미안클라시스,2000,, ,59.59,12,377,,,11410,남가좌동, 
20180818,"47,000",0,0,신촌럭키,1999,, ,83.38,6,144,,,11410,대현동, 
20180820,"38,000",0,0,DMC센트럴아이파크,2018,, ,59.91,12,388,,,11410,남가좌동, 
20180825,"45,000",0,0,DMC센트럴아이파크,2018,, ,84.95,2,388,,,11410,남가좌동, 
20180826,"43,000",0,0,DMC센트럴아이파크,2018,, ,84.97,2,388,,,11410,남가좌동, 
20180828,"50,000",0,0,성원쌍떼빌팰리스,2005,, ,84.98,8,742,,,11410,연희동, 
20180901,"36,000",0,0,DMC현대아파트,2000,, ,84.95,12,453,,,11410,북가좌동, 
20180901,"45,000",0,0,래미안남가좌2차,2005,, ,59.788,4,379,,,11410,남가좌동, 
20180901,"36,000",0,0,DMC현대아파트,2000,, ,84.95,12,453,,,11410,북가좌동, 
20180905,"30,000",0,0,연우,2004,, ,110.73,3,187-118,,,11410,연희동, 
20180908,"30,000",0,0,남가좌동현대,1999,, ,59.4,1,376,,,11410,남가좌동, 
20180908,"30,000",0,0,남가좌동현대,1999,, ,59.4,1,376,,,11410,남가좌동, 
20180911,"36,000",0,0,임광,1999,, ,59.96,2,738,,,11410,연희동, 
20180912,"55,000",0,0,DMC파크뷰자이1단지,2015,, ,84.98,19,385,,,11410,남가좌동, 
20180927,"70,000",0,0,신촌푸르지오,2015,, ,84.9572,17,1011,,,11410,북아현동, 
20180928,"39,000",0,0,동부센트레빌,2002,, ,59.86,11,260,,,11410,냉천동, 
20181005,"38,000",0,0,홍제현대,1992,, ,75.15,8,331,,,11410,홍제동, 
20181005,"65,000",0,0,DMC래미안e편한세상,2012,, ,120.95,18,481,,,11410,북가좌동, 
20181009,"20,000",0,0,홍제센트럴IPARK,2020,, ,59.98,15,473,,,11410,홍제동, 
20181014,"41,000",0,0,DMC센트럴아이파크,2018,, ,59.91,9,388,,,11410,남가좌동, 
20181017,"25,000",150,0,DMC래미안e편한세상,2012,, ,120.95,2,481,,,11410,북가좌동, 
20181024,"30,000",50,0,DMC래미안e편한세상,2012,, ,84.94,3,481,,,11410,북가좌동, 
20181025,"35,000",0,0,e편한세상신촌1단지,2018,, ,59.85,12,1013,,,11410,북아현동, 
20181026,"38,000",0,0,홍제현대,1992,, ,75.15,1,331,,,11410,홍제동, 
20181026,"38,000",0,0,홍제현대,1992,, ,75.15,1,331,,,11410,홍제동, 
20181027,"35,000",0,0,우공팰리스,2007,, ,84.81,8,384-1,,,11410,북가좌동, 
20181101,"52,000",0,0,홍제센트럴IPARK,2020,, ,84.96,9,473,,,11410,홍제동, 
20181102,"41,000",0,0,DMC센트럴아이파크,2018,, ,84.98,19,388,,,11410,남가좌동, 
20181107,"35,000",0,0,홍은동벽산,1997,, ,84.78,9,455,,,11410,홍은동, 
20181107,"45,000",0,0,DMC센트럴아이파크,2018,, ,84.9,4,388,,,11410,남가좌동, 
20181110,"45,000",0,0,홍제센트럴IPARK,2020,, ,59.98,13,473,,,11410,홍제동, 
20181114,"25,000",0,0,한울뉴타운,2004,, ,73.53,5,418-22,,,11410,북가좌동, 
20181115,"43,000",0,0,DMC한양,1987,, ,105.88,8,431,,,11410,북가좌동, 
20181120,"39,500",0,0,DMC센트럴아이파크,2018,, ,84.9,14,388,,,11410,남가좌동, 
20181122,"39,000",0,0,DMC센트럴아이파크,2018,, ,59.99,6,388,,,11410,남가좌동, 
20181124,"48,000",0,0,홍제센트럴IPARK,2020,, ,59.98,10,473,,,11410,홍제동, 
20181201,"52,000",0,0,DMC파크뷰자이1단지,2015,, ,84.971,5,385,,,11410,남가좌동, 
20181201,"51,000",0,0,DMC파크뷰자이1단지,2015,, ,84.974,22,385,,,11410,남가좌동, 
20181205,"43,000",0,0,DMC한양,1987,, ,105.88,8,431,,,11410,북가좌동, 
20181207,"33,000",0,0,동원베네스트,2012,, ,84.9772,2,463,,,11410,홍은동, 
20181214,"27,000",0,0,풍림2,1990,, ,58.5,3,453-2,,,11410,홍은동, 
20181216,"49,000",0,0,DMC파크뷰자이1단지,2015,, ,84.968,9,385,,,11410,남가좌동, 
20181222,"40,000",0,0,홍제현대,1992,, ,106.18,10,331,,,11410,홍제동, 
20181222,"42,000",0,0,홍은동벽산,1997,, ,142.98,11,455,,,11410,홍은동, 
20181225,"31,000",0,0,북가좌삼호,1996,, ,84.57,17,449,,,11410,북가좌동, 
20181229,"39,000",0,0,DMC센트럴아이파크,2018,, ,84.94,5,388,,,11410,남가좌동, 
20190103,"40,000",0,0,독립문극동(200-0),1998,, ,59.58,21,200,,,11410,현저동, 
20190107,"27,000",0,0,홍제원현대(459-0),2000,, ,59.93,12,459,,,11410,홍제동, 
20190110,"44,000",0,0,DMC래미안e편한세상,2012,, ,59.97,5,481,,,11410,북가좌동, 
20190114,"15,000",50,0,홍제원현대(459-0),2000,, ,59.93,17,459,,,11410,홍제동, 
20190114,"42,000",0,0,연희파크푸르지오,2018,, ,84.43,15,747,,,11410,연희동, 
20190119,"47,000",0,0,DMC래미안e편한세상,2012,, ,84.95,9,481,,,11410,북가좌동, 
20190119,"40,000",0,0,독립문극동(200-0),1998,, ,59.58,6,200,,,11410,현저동, 
20190122,"40,000",0,0,홍제센트럴IPARK,2020,, ,84.92,10,473,,,11410,홍제동, 
20190126,"42,000",0,0,DMC래미안클라시스,2000,, ,84.9,14,377,,,11410,남가좌동, 
20190128,"41,000",0,0,연희파크푸르지오,2018,, ,84.8,9,747,,,11410,연희동, 
20190202,"44,000",0,0,래미안남가좌2차,2005,, ,84.806,12,379,,,11410,남가좌동, 
20190207,"37,000",0,0,연희파크푸르지오,2018,, ,59.9835,13,747,,,11410,연희동, 
20190214,"30,000",0,0,풍림2,1990,, ,107.2,15,453-2,,,11410,홍은동, 
20190216,"43,000",0,0,홍제센트럴IPARK,2020,, ,84.97,4,473,,,11410,홍제동, 
20190216,"40,000",0,0,독립문극동(200-0),1998,, ,59.58,3,200,,,11410,현저동, 
20190223,"39,000",0,0,연희파크푸르지오,2018,, ,84.8,2,747,,,11410,연희동, 
20190225,"37,000",0,0,홍제헤렌,2018,, ,59.93,7,175-3,,,11410,홍제동, 
20190225,"37,000",0,0,홍제헤렌,2018,, ,59.93,7,175-3,,,11410,홍제동, 
20190225,"37,000",0,0,홍제헤렌,2018,, ,59.99,3,175-3,,,11410,홍제동, 
20190228,"10,000",60,0,청구3차,2001,, ,59.4,17,462,,,11410,홍제동, 
20190306,"54,000",0,0,e편한세상신촌2단지,2018,, ,59.85,16,1013,,,11410,북아현동, 
20190316,"42,000",0,0,래미안남가좌2차,2005,, ,84.806,2,379,,,11410,남가좌동, 
20190320,"43,000",0,0,홍제센트럴IPARK,2020,, ,84.97,2,473,,,11410,홍제동, 
20190320,"39,000",0,0,연희파크푸르지오,2018,, ,59.9835,10,747,,,11410,연희동, 
20190323,"20,000",120,0,DMC센트레빌,2009,, ,114.9,10,381,,,11410,남가좌동, 
20190323,"34,000",0,0,홍제현대,1992,, ,75.15,14,331,,,11410,홍제동, 
20190327,"36,000",0,0,반석블레스,2013,, ,84.96,10,440-1,,,11410,홍은동, 
20190329,"38,800",0,0,연희파크푸르지오,2018,, ,59.98,6,747,,,11410,연희동, 
20190330,"38,500",0,0,연희파크푸르지오,2018,, ,84.4317,12,747,,,11410,연희동, 
20190330,"37,000",0,0,DMC래미안클라시스,2000,, ,84.9,6,377,,,11410,남가좌동, 
20190404,"49,000",0,0,e편한세상신촌1단지,2018,, ,59.85,3,1013,,,11410,북아현동, 
20190406,"23,000",0,0,홍제삼성래미안,2001,, ,32.76,8,461,,,11410,홍제동, 
20190406,"34,000",0,0,홍제현대,1992,, ,75.15,2,331,,,11410,홍제동, 
20190413,"46,000",0,0,독립문극동(200-0),1998,, ,84.87,18,200,,,11410,현저동, 
20190415,"10,000",100,0,DMC래미안e편한세상,2012,, ,59.97,11,481,,,11410,북가좌동, 
20190415,"26,000",0,0,서강2차(2동),1989,, ,135.09,1,186-25,,,11410,홍은동, 
20190420,"18,000",100,0,돈의문센트레빌,2011,, ,59.98,8,261,,,11410,냉천동, 
20190420,"34,000",0,0,북가좌삼호,1996,, ,84.57,12,449,,,11410,북가좌동, 
20190423,"5,000",80,0,월드컵현대,1998,, ,59.76,8,371-1,,,11410,북가좌동, 
20190425,"40,000",0,0,인왕산현대,2000,, ,114.72,2,460,,,11410,홍제동, 
20190504,"58,000",0,0,신촌럭키,1999,, ,121.6,6,144,,,11410,대현동, 
20190511,"33,000",0,0,대우푸르지오,2002,, ,59.584,6,739,,,11410,연희동, 
20190511,"34,000",0,0,HDX휴팰리스,2018,, ,59.1032,17,465,,,11410,홍은동, 
20190511,"34,000",0,0,홍제현대,1992,, ,75.15,6,331,,,11410,홍제동, 
20190515,"45,000",0,0,연희파크푸르지오,2018,, ,59.9835,14,747,,,11410,연희동, 
20190518,"42,000",0,0,DMC파크뷰자이4단지,2015,, ,59.981,9,385,,,11410,남가좌동, 
20190523,"24,000",40,0,홍은동벽산,1997,, ,114.96,4,455,,,11410,홍은동, 
20190525,"34,650",0,0,대우푸르지오,2002,, ,59.584,9,739,,,11410,연희동, 
20190530,"40,000",0,0,독립문삼호,1995,, ,75.66,5,100,,,11410,영천동, 
20190531,"35,000",0,0,신촌럭키,1999,, ,59.7,9,144,,,11410,대현동, 
20190606,"30,000",140,0,DMC래미안e편한세상,2012,, ,120.93,5,481,,,11410,북가좌동, 
20190607,"34,000",0,0,신촌럭키,1999,, ,59.7,10,144,,,11410,대현동, 
20190617,"28,000",0,0,세한숲속마을,2002,, ,83.9,12,산11-244,,,11410,홍은동, 
20190619,"40,000",0,0,DMC두산위브,2007,, ,84.9631,14,459,,,11410,북가좌동, 
20190620,"34,000",0,0,홍은동아더프라임,2014,, ,59.8736,8,439-1,,,11410,홍은동, 
20190622,"30,000",65,0,돈의문센트레빌,2011,, ,84.99,6,261,,,11410,냉천동, 
20190625,"8,000",0,0,경향빌라트,1995,, ,154.6,2,87-33,,,11410,연희동, 
20190625,"42,000",0,0,신촌럭키,1999,, ,83.38,3,144,,,11410,대현동, 
20190627,"32,000",0,0,홍제원현대(459-0),2000,, ,59.93,17,459,,,11410,홍제동, 
20190629,"31,000",0,0,홍제삼성래미안,2001,, ,60,8,461,,,11410,홍제동, 
20190701,"30,000",0,0,현대그린,1996,, ,84.96,6,455,,,11410,홍제동, 
20190703,"44,000",0,0,DMC래미안클라시스,2000,, ,114.93,9,377,,,11410,남가좌동, 
20190710,"65,000",0,0,신촌푸르지오,2015,, ,84.9953,9,1011,,,11410,북아현동, 
20190711,"57,000",0,0,홍제현대,1992,, ,83.05,5,331,,,11410,홍제동, 
20190715,"47,000",0,0,DMC래미안e편한세상,2012,, ,59.97,2,481,,,11410,북가좌동, 
20190720,"40,000",0,0,동아빌라(188-72),1992,, ,164.92,8,188-72,,,11410,홍은동, 
20190722,"50,000",0,0,북한산더샵,2017,, ,84.956,16,464,,,11410,홍은동, 
20190724,"20,000",110,0,돈의문센트레빌,2011,, ,84.99,3,261,,,11410,냉천동, 
20190727,"43,000",0,0,인왕산현대,2000,, ,84.9,5,460,,,11410,홍제동, 
20190730,"30,000",167,0,DMC파크뷰자이1단지,2015,, ,120.006,17,385,,,11410,남가좌동, 
20190803,"39,000",0,0,반석블레스,2013,, ,84.92,6,440-1,,,11410,홍은동, 
20190803,"39,000",0,0,반석블레스,2013,, ,84.92,6,440-1,,,11410,홍은동, 
20190810,"43,500",0,0,남가좌동현대,1999,, ,84.9,4,376,,,11410,남가좌동, 
20190812,"31,000",0,0,홍제원현대(459-0),2000,, ,59.93,2,459,,,11410,홍제동, 
20190816,"30,000",0,0,홍제한양,1993,, ,60.06,11,82,,,11410,홍제동, 
20190817,"10,000",110,0,청구1차,1994,, ,84.78,18,453,,,11410,홍제동, 
20190818,"33,000",0,0,인왕산현대,2000,, ,59.93,3,460,,,11410,홍제동, 
20190824,"44,000",0,0,홍제현대,1992,, ,83.05,1,331,,,11410,홍제동, 
20190829,"30,000",0,0,홍제비콘드림힐,2006,, ,84.946,9,468,,,11410,홍제동, 
20190830,"28,000",0,0,북아현경남,1996,, ,59.77,9,1006,,,11410,북아현동, 
20190910,"42,000",0,0,신촌럭키,1999,, ,83.38,8,144,,,11410,대현동, 
20190911,"10,000",80,0,천연뜨란채,2006,, ,57.78,6,145,,,11410,천연동, 
20190920,"35,000",0,0,DMC에코자이,2019,, ,59.79,9,389,,,11410,남가좌동, 
20190921,"58,000",0,0,신촌럭키,1999,, ,121.6,5,144,,,11410,대현동, 
20190925,"55,000",0,0,에스케이뷰,2008,, ,84.909,6,118,,,11410,합동, 
20190928,"47,000",0,0,DMC에코자이,2019,, ,84.97,2,389,,,11410,남가좌동, 
20190928,"10,000",115,0,DMC센트레빌,2009,, ,84.87,9,381,,,11410,남가좌동, 
20190929,"35,000",0,0,홍은센트레빌,2009,, ,59.96,7,461,,,11410,홍은동, 
20190929,"55,000",0,0,DMC파크뷰자이1단지,2015,, ,84.971,12,385,,,11410,남가좌동, 
20190930,"15,000",50,0,홍제한양,1993,, ,60.06,7,82,,,11410,홍제동, 
20191003,"40,000",0,0,DMC에코자이,2019,, ,59.65,18,389,,,11410,남가좌동, 
20191005,"38,000",0,0,DMC에코자이,2019,, ,59.79,11,389,,,11410,남가좌동, 
20191007,"35,000",0,0,충정솔레디움(101동),2005,, ,83.09,5,30-17,,,11410,충정로3가, 
20191012,"45,000",0,0,DMC에코자이,2019,, ,84.82,1,389,,,11410,남가좌동, 
20191014,"48,000",0,0,DMC에코자이,2019,, ,84.97,10,389,,,11410,남가좌동, 
20191018,"56,000",0,0,DMC파크뷰자이1단지,2015,, ,84.98,19,385,,,11410,남가좌동, 
20191018,"31,000",0,0,홍제한양,1993,, ,60.06,3,82,,,11410,홍제동, 
20191022,"45,000",0,0,DMC에코자이,2019,, ,72.96,14,389,,,11410,남가좌동, 
20191030,"52,000",0,0,금호어울림,2016,, ,84.4965,11,471,,,11410,홍제동, 
20191031,"55,000",0,0,DMC래미안e편한세상,2012,, ,84.94,30,481,,,11410,북가좌동, 
20191108,"40,950",0,0,DMC에코자이,2019,, ,59.79,11,389,,,11410,남가좌동, 
20191113,"45,000",0,0,천연뜨란채,2006,, ,75.8,12,145,,,11410,천연동, 
20191119,"40,000",0,0,DMC에코자이,2019,, ,59.79,5,389,,,11410,남가좌동, 
20191121,"50,000",0,0,래미안루센티아,2020,, ,84.83,8,390,,,11410,남가좌동, 
20191121,"65,000",0,0,돈의문센트레빌,2011,, ,84.99,11,261,,,11410,냉천동, 
20191122,"25,200",0,0,대경아르체,2018,, ,28.36,10,488,,,11410,북가좌동, 
20191123,"55,000",0,0,DMC파크뷰자이1단지,2015,, ,84.98,10,385,,,11410,남가좌동, 
20191125,"39,000",0,0,서강주상복합,1998,, ,140.72,12,404-1,,,11410,홍은동, 
20191130,"50,000",0,0,DMC에코자이,2019,, ,84.82,9,389,,,11410,남가좌동, 
20191130,"43,000",0,0,DMC에코자이,2019,, ,72.84,4,389,,,11410,남가좌동, 
20191201,"54,000",0,0,북한산더샵,2017,, ,84.832,6,464,,,11410,홍은동, 
20191201,"10,000",100,0,DMC센트럴아이파크,2018,, ,59.91,17,388,,,11410,남가좌동, 
20191214,"30,000",20,0,임광,1999,, ,59.96,16,738,,,11410,연희동, 
20191217,"34,000",0,0,홍제삼성래미안,2001,, ,60,11,461,,,11410,홍제동, 
20191218,"68,000",0,0,신촌푸르지오,2015,, ,84.9892,16,1011,,,11410,북아현동, 
20191220,"56,000",0,0,DMC파크뷰자이1단지,2015,, ,84.971,11,385,,,11410,남가좌동, 
20191224,"43,000",0,0,홍제삼성래미안,2001,, ,84.33,11,461,,,11410,홍제동, 
20191225,"32,500",0,0,남가좌동현대,1999,, ,59.4,7,376,,,11410,남가좌동, 
20191230,"50,000",0,0,북한산더샵,2017,, ,84.956,1,464,,,11410,홍은동, 
20191230,"90,000",0,0,DMC파크뷰자이1단지,2015,, ,120.492,14,385,,,11410,남가좌동, 
