dealDate,deposit,monthlyRent,calcedRent,buildYear,contractTerm,contractType,excluUseAr,floor,jibun,offiNm,preDeposit,preMonthlyRent,sggCd,sggNm,umdNm,useRRRight
20110107,"5,000",30,0,2003,11.02~12.02,신규,26.32,4,136-7,(136-7),,,11410,서대문구,연희동, 
20110107,"5,000",30,0,2003,, ,26.03,7,136-7,(136-7),,,11410,서대문구,연희동, 
20110108,"2,000",65,0,2006,11.02~13.02,신규,25.69,4,90-1,(90-1),,,11410,서대문구,대신동, 
20110110,"8,000",0,0,2004,, ,19.38,2,97-64,경선파인 오피스텔,,,11410,서대문구,창천동, 
20110110,"1,000",55,0,2005,, ,16.83,4,218-1,연희체스트빌,,,11410,서대문구,연희동, 
20110115,"1,000",55,0,2004,, ,19.95,5,188-3,(188-3),,,11410,서대문구,연희동, 
20110119,"9,000",0,0,2003,, ,26.03,7,136-7,(136-7),,,11410,서대문구,연희동, 
20110125,"3,000",45,0,2005,11.02~13.02,신규,19.01,2,103-7,스페이스엠,,,11410,서대문구,연희동, 
20110128,"2,500",30,0,2002,11.02~12.02,신규,12.95,5,62-48,(62-48),,,11410,서대문구,창천동, 
20110128,"28,000",0,0,2007,, ,115.53,4,340-27,현대싱그런,,,11410,서대문구,연희동, 
20110207,"7,500",0,0,2006,, ,44.52,2,169-3,드리밍 아파트,,,11410,서대문구,연희동, 
20110211,"8,000",10,0,2003,, ,26.03,4,136-7,(136-7),,,11410,서대문구,연희동, 
20110215,"21,500",0,0,2007,, ,115.53,5,340-27,현대싱그런,,,11410,서대문구,연희동, 
20110219,"12,500",0,0,2006,, ,29.26,3,117,충정로대우디오빌,,,11410,서대문구,합동, 
20110221,"3,000",40,0,2004,, ,19.38,2,97-64,경선파인 오피스텔,,,11410,서대문구,창천동, 
20110221,"3,000",30,0,2004,, ,24.84,9,343-1,선정오피스텔,,,11410,서대문구,북가좌동, 
20110224,"3,000",35,0,2002,11.02~12.02,신규,20.39,5,121-4,오벨리스크,,,11410,서대문구,연희동, 
20110224,"3,000",30,0,2004,, ,19.25,3,78-4,시아 루비움,,,11410,서대문구,연희동, 
20110225,"6,000",27,0,2006,, ,19.4,8,190,쎄미앙 오피스텔,,,11410,서대문구,미근동, 
20110226,"5,800",0,0,2004,, ,19.25,4,78-4,시아 루비움,,,11410,서대문구,연희동, 
20110309,"8,000",18,0,2006,, ,22.61,3,190,쎄미앙 오피스텔,,,11410,서대문구,미근동, 
20110319,"1,000",45,0,2003,, ,15.94,4,80-7,파라다이스텔에스비,,,11410,서대문구,연희동, 
20110319,"22,000",0,0,2007,, ,115.53,6,340-27,현대싱그런,,,11410,서대문구,연희동, 
20110321,"6,000",0,0,2004,, ,24.87,10,343-1,선정오피스텔,,,11410,서대문구,북가좌동, 
20110322,"8,000",0,0,2004,, ,22.11,7,490,홍익사랑,,,11410,서대문구,창천동, 
20110326,"1,000",55,0,2004,, ,19.04,3,188-3,(188-3),,,11410,서대문구,연희동, 
20110327,"5,000",5,0,2003,, ,24.6,3,413-126,(413-126),,,11410,서대문구,연희동, 
20110328,"8,000",0,0,2002,, ,21.06,4,122-3,정연 지오빌,,,11410,서대문구,연희동, 
20110328,"5,500",15,0,2003,, ,27.94,4,413-126,(413-126),,,11410,서대문구,연희동, 
20110329,500,45,0,2002,, ,13.33,2,92-7,창천오피스텔,,,11410,서대문구,창천동, 
20110407,"2,000",65,0,2006,, ,25.69,6,90-1,(90-1),,,11410,서대문구,대신동, 
20110409,"3,000",30,0,2001,, ,16.2,10,212-2,연희소프트빌,,,11410,서대문구,연희동, 
20110409,"2,000",50,0,2002,, ,168.5,2,62-48,(62-48),,,11410,서대문구,창천동, 
20110409,"1,000",50,0,2002,, ,18.5,4,62-48,(62-48),,,11410,서대문구,창천동, 
20110416,"2,000",40,0,2002,, ,19.44,2,122-3,정연 지오빌,,,11410,서대문구,연희동, 
20110419,"1,000",50,0,2002,, ,20.39,2,121-4,오벨리스크,,,11410,서대문구,연희동, 
20110420,"8,500",0,0,2003,, ,26.03,2,136-7,(136-7),,,11410,서대문구,연희동, 
20110421,500,55,0,2002,, ,21.06,5,122-3,정연 지오빌,,,11410,서대문구,연희동, 
20110422,"9,700",0,0,2006,, ,22.61,2,190,쎄미앙 오피스텔,,,11410,서대문구,미근동, 
20110422,"7,500",15,0,2006,, ,19.4,7,190,쎄미앙 오피스텔,,,11410,서대문구,미근동, 
20110502,"5,000",120,0,2007,, ,116.97,3,340-27,현대싱그런,,,11410,서대문구,연희동, 
20110503,"12,000",0,0,2009,, ,25.35,17,192,서대문 디오빌 오피스텔,,,11410,서대문구,충정로2가, 
20110506,"4,000",45,0,2006,, ,25.69,5,90-1,(90-1),,,11410,서대문구,대신동, 
20110514,"1,000",30,0,2003,, ,15.84,2,446-270,(446-270),,,11410,서대문구,연희동, 
20110517,"7,500",0,0,2005,, ,19.01,5,103-7,스페이스엠,,,11410,서대문구,연희동, 
20110519,"7,500",0,0,2004,, ,22.54,3,103-6,라이온스톤,,,11410,서대문구,연희동, 
20110521,"1,000",60,0,2005,, ,16.83,3,218-1,연희체스트빌,,,11410,서대문구,연희동, 
20110523,"7,900",0,0,2004,, ,38.28,6,78-4,시아 루비움,,,11410,서대문구,연희동, 
20110525,"9,000",0,0,2006,, ,19.4,9,190,쎄미앙 오피스텔,,,11410,서대문구,미근동, 
20110525,"2,000",38,0,2004,11.06~12.06,신규,24.84,8,343-1,선정오피스텔,,,11410,서대문구,북가좌동, 
20110603,"7,500",20,0,2006,, ,22.61,4,190,쎄미앙 오피스텔,,,11410,서대문구,미근동, 
20110604,"9,800",0,0,2006,, ,22.61,10,190,쎄미앙 오피스텔,,,11410,서대문구,미근동, 
20110605,"2,000",50,0,2004,, ,20.52,5,188-3,(188-3),,,11410,서대문구,연희동, 
20110607,"9,000",0,0,2003,, ,26.03,2,136-7,(136-7),,,11410,서대문구,연희동, 
20110610,"9,500",0,0,2006,, ,19.4,7,190,쎄미앙 오피스텔,,,11410,서대문구,미근동, 
20110610,"1,000",40,0,2002,, ,20.67,5,100-15,브라운 힐,,,11410,서대문구,연희동, 
20110620,"5,000",45,0,2006,, ,29.65,4,90-1,(90-1),,,11410,서대문구,대신동, 
20110625,"3,000",25,0,2004,, ,19.58,3,78-4,시아 루비움,,,11410,서대문구,연희동, 
20110627,"1,000",48,0,2002,, ,20.39,5,121-4,오벨리스크,,,11410,서대문구,연희동, 
20110630,"1,000",60,0,2004,, ,19.38,6,97-64,경선파인 오피스텔,,,11410,서대문구,창천동, 
20110709,"7,000",0,0,2003,, ,22.23,6,88-11,정연지오빌ll,,,11410,서대문구,연희동, 
20110714,"1,000",80,0,2002,, ,36,4,122-3,정연 지오빌,,,11410,서대문구,연희동, 
20110716,"1,000",45,0,2002,, ,25.73,2,76-24,(76-24),,,11410,서대문구,연희동, 
20110718,"14,000",0,0,2009,, ,28.82,19,192,서대문 디오빌 오피스텔,,,11410,서대문구,충정로2가, 
20110720,"13,000",0,0,2009,, ,56.12,2,165-2,코지펠리스,,,11410,서대문구,홍은동, 
20110720,"20,000",0,0,2007,, ,115.53,8,340-27,현대싱그런,,,11410,서대문구,연희동, 
20110722,"6,000",40,0,2009,, ,56.12,3,165-2,코지펠리스,,,11410,서대문구,홍은동, 
20110723,"7,000",0,0,2006,, ,19.4,6,190,쎄미앙 오피스텔,,,11410,서대문구,미근동, 
20110728,"8,000",10,0,2003,, ,26.03,6,136-7,(136-7),,,11410,서대문구,연희동, 
20110731,"6,500",30,0,2006,, ,19.4,5,190,쎄미앙 오피스텔,,,11410,서대문구,미근동, 
20110801,"7,500",0,0,2005,11.08~13.08,신규,19.01,5,103-7,스페이스엠,,,11410,서대문구,연희동, 
20110803,500,45,0,2004,, ,22.59,4,328-19,엘림오피스텔,,,11410,서대문구,남가좌동, 
20110809,"7,500",15,0,2003,, ,27.48,7,136-7,(136-7),,,11410,서대문구,연희동, 
20110811,"2,500",15,0,2003,, ,15.84,1,446-270,(446-270),,,11410,서대문구,연희동, 
20110813,"9,000",0,0,2006,11.09~12.09,신규,22.61,7,190,쎄미앙 오피스텔,,,11410,서대문구,미근동, 
20110822,"5,000",0,0,2002,, ,14.11,6,92-7,창천오피스텔,,,11410,서대문구,창천동, 
20110825,"8,500",0,0,2006,, ,19.4,10,190,쎄미앙 오피스텔,,,11410,서대문구,미근동, 
20110827,"6,000",0,0,2002,, ,17.82,6,92-7,창천오피스텔,,,11410,서대문구,창천동, 
20110829,"1,000",55,0,2002,, ,19.61,4,62-48,(62-48),,,11410,서대문구,창천동, 
20110902,"7,000",17,0,2003,, ,26.03,6,136-7,(136-7),,,11410,서대문구,연희동, 
20110909,"1,500",35,0,2004,, ,21.75,6,343-1,선정오피스텔,,,11410,서대문구,북가좌동, 
20110914,"11,500",0,0,2005,, ,28.22,8,27-20,신촌가이아,,,11410,서대문구,대현동, 
20110916,"5,000",0,0,2003,, ,22.95,5,396-24,현상준건물,,,11410,서대문구,홍은동, 
20110923,"5,000",200,0,2007,, ,116.81,8,194-30,브라운스톤 연희,,,11410,서대문구,연희동, 
20110925,"8,000",25,0,2006,, ,22.61,8,190,쎄미앙 오피스텔,,,11410,서대문구,미근동, 
20110930,"14,500",0,0,2009,, ,56.12,8,165-2,코지펠리스,,,11410,서대문구,홍은동, 
20111007,500,45,0,2004,, ,21.75,10,343-1,선정오피스텔,,,11410,서대문구,북가좌동, 
20111010,"15,000",0,0,2009,, ,56.12,5,165-2,코지펠리스,,,11410,서대문구,홍은동, 
20111015,"1,000",50,0,2002,, ,18.5,5,62-48,(62-48),,,11410,서대문구,창천동, 
20111017,"1,000",70,0,2004,, ,24.29,5,45-5,이화인비따레오피스텔,,,11410,서대문구,대현동, 
20111019,"7,700",0,0,2006,, ,19.4,3,190,쎄미앙 오피스텔,,,11410,서대문구,미근동, 
20111031,"1,000",30,0,2003,, ,17.34,5,396-25,동림오벨리스크,,,11410,서대문구,홍은동, 
20111031,"3,000",29,0,2003,, ,24.48,5,396-25,동림오벨리스크,,,11410,서대문구,홍은동, 
20111109,"1,000",45,0,2004,11.11~12.11,신규,21.09,5,343-1,선정오피스텔,,,11410,서대문구,북가좌동, 
20111114,"12,000",0,0,2004,, ,28.08,7,20-41,아남오피스텔,,,11410,서대문구,창천동, 
20111115,"7,000",20,0,2003,, ,25.04,5,136-7,(136-7),,,11410,서대문구,연희동, 
20111116,"8,000",0,0,2004,, ,19.89,3,97-64,경선파인 오피스텔,,,11410,서대문구,창천동, 
20111120,"2,000",60,0,2004,, ,20.52,6,97-64,경선파인 오피스텔,,,11410,서대문구,창천동, 
20111121,"9,000",0,0,2003,, ,26.03,4,136-7,(136-7),,,11410,서대문구,연희동, 
20111123,"10,000",0,0,2009,, ,56.12,5,165-2,코지펠리스,,,11410,서대문구,홍은동, 
20111126,"1,000",50,0,2002,, ,19.61,3,62-48,(62-48),,,11410,서대문구,창천동, 
20111129,"23,000",0,0,2007,, ,116.97,1,340-27,현대싱그런,,,11410,서대문구,연희동, 
20111129,"7,000",0,0,2002,, ,25.73,3,76-24,(76-24),,,11410,서대문구,연희동, 
20111212,"2,000",70,0,2006,, ,29.26,9,117,충정로대우디오빌,,,11410,서대문구,합동, 
20111216,"3,000",30,0,2003,, ,26.36,2,413-126,(413-126),,,11410,서대문구,연희동, 
20111217,500,45,0,2002,, ,13.33,7,92-7,창천오피스텔,,,11410,서대문구,창천동, 
20111223,"9,500",0,0,2006,, ,22.61,4,190,쎄미앙 오피스텔,,,11410,서대문구,미근동, 
20111226,"3,000",35,0,2004,, ,29.23,4,465,충정리시온,,,11410,서대문구,충정로3가, 
20111231,"10,000",0,0,2004,, ,22.08,4,45-5,이화인비따레오피스텔,,,11410,서대문구,대현동, 
20120104,"9,500",0,0,2006,, ,22.61,10,190,쎄미앙 오피스텔,,,11410,서대문구,미근동, 
20120118,"1,000",50,0,2002,, ,19.61,4,62-48,(62-48),,,11410,서대문구,창천동, 
20120118,"1,000",50,0,2002,, ,25.73,4,76-24,(76-24),,,11410,서대문구,연희동, 
20120121,"2,000",60,0,2004,, ,19.38,5,97-64,경선파인 오피스텔,,,11410,서대문구,창천동, 
20120128,"8,700",13,0,2006,, ,19.4,5,190,쎄미앙 오피스텔,,,11410,서대문구,미근동, 
20120130,"5,000",25,0,2003,12.02~14.02,신규,18.9,6,188-57,(188-57),,,11410,서대문구,연희동, 
20120130,"4,500",10,0,2003,, ,21.42,3,396-25,동림오벨리스크,,,11410,서대문구,홍은동, 
20120130,"1,500",60,0,2004,, ,19.26,4,97-64,경선파인 오피스텔,,,11410,서대문구,창천동, 
20120130,"2,000",60,0,2004,, ,20.52,5,97-64,경선파인 오피스텔,,,11410,서대문구,창천동, 
20120131,"3,000",43,0,2004,, ,17.16,6,78-4,시아 루비움,,,11410,서대문구,연희동, 
20120204,"9,500",12,0,2004,, ,28.5,15,20-41,아남오피스텔,,,11410,서대문구,창천동, 
20120204,"17,000",0,0,2007,, ,86.17,5,340-27,현대싱그런,,,11410,서대문구,연희동, 
20120206,"2,000",90,0,2006,, ,39.73,4,90-1,(90-1),,,11410,서대문구,대신동, 
20120207,"1,000",70,0,2009,, ,25.35,7,192,서대문 디오빌 오피스텔,,,11410,서대문구,충정로2가, 
20120210,"25,000",0,0,2007,, ,114.15,3,340-27,현대싱그런,,,11410,서대문구,연희동, 
20120216,"9,000",0,0,2003,, ,26.03,3,136-7,(136-7),,,11410,서대문구,연희동, 
20120221,"24,000",0,0,2007,, ,115.53,10,340-27,현대싱그런,,,11410,서대문구,연희동, 
20120222,"8,000",0,0,2004,, ,20.52,1,97-64,경선파인 오피스텔,,,11410,서대문구,창천동, 
20120225,"5,000",50,0,2004,, ,27.31,2,97-64,경선파인 오피스텔,,,11410,서대문구,창천동, 
20120229,"9,500",0,0,2006,, ,19.4,8,190,쎄미앙 오피스텔,,,11410,서대문구,미근동, 
20120301,"9,000",0,0,2006,, ,19.4,2,190,쎄미앙 오피스텔,,,11410,서대문구,미근동, 
20120303,"3,000",40,0,2004,, ,19.95,7,188-3,(188-3),,,11410,서대문구,연희동, 
20120306,"33,000",0,0,2007,, ,115.53,8,340-27,현대싱그런,,,11410,서대문구,연희동, 
20120308,"5,000",50,0,2009,, ,35.53,7,192,서대문 디오빌 오피스텔,,,11410,서대문구,충정로2가, 
20120308,"15,000",0,0,2006,, ,29.26,5,117,충정로대우디오빌,,,11410,서대문구,합동, 
20120317,"7,000",23,0,2006,, ,19.4,6,190,쎄미앙 오피스텔,,,11410,서대문구,미근동, 
20120326,"14,000",0,0,2005,, ,33.71,6,29-81,신촌 르메이에르타운5,,,11410,서대문구,창천동, 
20120328,"25,000",0,0,2007,, ,115.53,7,340-27,현대싱그런,,,11410,서대문구,연희동, 
20120329,"5,000",0,0,2004,, ,22.68,2,328-19,엘림오피스텔,,,11410,서대문구,남가좌동, 
20120330,"1,000",55,0,2004,, ,19.25,5,78-4,시아 루비움,,,11410,서대문구,연희동, 
20120407,"20,000",0,0,2007,, ,87.59,4,340-27,현대싱그런,,,11410,서대문구,연희동, 
20120411,"6,500",0,0,2004,, ,22.2,5,343-1,선정오피스텔,,,11410,서대문구,북가좌동, 
20120411,"5,000",45,0,2007,, ,28.79,4,194-30,브라운스톤 연희,,,11410,서대문구,연희동, 
20120416,"13,000",0,0,2006,, ,29.26,3,117,충정로대우디오빌,,,11410,서대문구,합동, 
20120416,"2,000",20,0,2003,, ,21.45,4,396-24,현상준건물,,,11410,서대문구,홍은동, 
20120419,"2,500",35,0,2004,, ,19.25,10,78-4,시아 루비움,,,11410,서대문구,연희동, 
20120424,"5,500",50,0,2009,, ,25.35,9,192,서대문 디오빌 오피스텔,,,11410,서대문구,충정로2가, 
20120424,"7,500",0,0,2005,, ,19.01,3,103-7,스페이스엠,,,11410,서대문구,연희동, 
20120427,"1,000",60,0,2003,, ,22.8,4,88-11,정연지오빌ll,,,11410,서대문구,연희동, 
20120429,"14,000",0,0,2009,, ,25.35,3,192,서대문 디오빌 오피스텔,,,11410,서대문구,충정로2가, 
20120503,"15,000",50,0,2007,, ,116.97,1,340-27,현대싱그런,,,11410,서대문구,연희동, 
20120505,"1,000",44,0,2002,, ,20.67,5,100-15,브라운 힐,,,11410,서대문구,연희동, 
20120505,"1,500",55,0,2004,, ,19.31,1,97-64,경선파인 오피스텔,,,11410,서대문구,창천동, 
20120507,"21,000",0,0,2007,, ,89.73,1,340-27,현대싱그런,,,11410,서대문구,연희동, 
20120508,500,46,0,2002,, ,20.67,5,100-15,브라운 힐,,,11410,서대문구,연희동, 
20120518,"11,000",0,0,2007,, ,28.79,5,194-30,브라운스톤 연희,,,11410,서대문구,연희동, 
20120524,"2,000",30,0,2003,, ,24.48,4,396-25,동림오벨리스크,,,11410,서대문구,홍은동, 
20120524,"23,000",0,0,2006,, ,61.22,5,117,충정로대우디오빌,,,11410,서대문구,합동, 
20120530,"3,000",45,0,2004,, ,19.26,4,97-64,경선파인 오피스텔,,,11410,서대문구,창천동, 
20120531,"7,000",30,0,2002,, ,36,2,122-3,정연 지오빌,,,11410,서대문구,연희동, 
20120614,500,50,0,2002,, ,25.73,2,76-24,(76-24),,,11410,서대문구,연희동, 
20120614,"1,000",70,0,2004,, ,24.29,8,45-5,이화인비따레오피스텔,,,11410,서대문구,대현동, 
20120617,500,48,0,2002,, ,20.67,3,100-15,브라운 힐,,,11410,서대문구,연희동, 
20120621,"1,000",70,0,2004,, ,24.29,7,45-5,이화인비따레오피스텔,,,11410,서대문구,대현동, 
20120623,"1,500",45,0,2004,, ,19.25,9,78-4,시아 루비움,,,11410,서대문구,연희동, 
20120625,"22,000",0,0,2007,, ,116.97,1,340-27,현대싱그런,,,11410,서대문구,연희동, 
20120625,"7,500",20,0,2006,, ,22.61,4,190,쎄미앙 오피스텔,,,11410,서대문구,미근동, 
20120626,"8,000",0,0,2003,, ,22.23,5,88-11,정연지오빌ll,,,11410,서대문구,연희동, 
20120627,"6,000",15,0,2003,, ,19.42,3,188-57,(188-57),,,11410,서대문구,연희동, 
20120627,"7,500",0,0,2005,, ,19.01,6,103-7,스페이스엠,,,11410,서대문구,연희동, 
20120701,"8,200",10,0,2006,, ,19.4,10,190,쎄미앙 오피스텔,,,11410,서대문구,미근동, 
20120702,"3,000",25,0,2004,, ,19.58,3,78-4,시아 루비움,,,11410,서대문구,연희동, 
20120716,"3,000",40,0,2004,, ,19.04,2,188-3,(188-3),,,11410,서대문구,연희동, 
20120717,"9,500",0,0,2006,, ,19.4,2,190,쎄미앙 오피스텔,,,11410,서대문구,미근동, 
20120717,"14,000",0,0,2009,, ,28.82,6,192,서대문 디오빌 오피스텔,,,11410,서대문구,충정로2가, 
20120718,"16,000",0,0,2009,, ,35.53,3,192,서대문 디오빌 오피스텔,,,11410,서대문구,충정로2가, 
20120720,"14,000",0,0,2009,, ,56.12,6,165-2,코지펠리스,,,11410,서대문구,홍은동, 
20120721,"3,500",20,0,2002,, ,20.39,4,121-4,오벨리스크,,,11410,서대문구,연희동, 
20120727,"3,000",35,0,2002,, ,20.39,3,121-4,오벨리스크,,,11410,서대문구,연희동, 
20120731,"20,000",0,0,2007,, ,115.53,5,340-27,현대싱그런,,,11410,서대문구,연희동, 
20120804,"10,000",0,0,2004,, ,24.525,6,20-41,아남오피스텔,,,11410,서대문구,창천동, 
20120804,"14,000",0,0,2009,, ,56.12,3,165-2,코지펠리스,,,11410,서대문구,홍은동, 
20120806,"8,000",0,0,2005,, ,16.83,2,218-1,연희체스트빌,,,11410,서대문구,연희동, 
20120807,"13,000",0,0,2009,, ,25.35,19,192,서대문 디오빌 오피스텔,,,11410,서대문구,충정로2가, 
20120811,"3,000",35,0,2002,, ,20.39,2,121-4,오벨리스크,,,11410,서대문구,연희동, 
20120817,"1,000",50,0,2001,, ,16.2,8,212-2,연희소프트빌,,,11410,서대문구,연희동, 
20120817,"2,000",27,0,2003,, ,22.95,2,396-24,현상준건물,,,11410,서대문구,홍은동, 
20120821,"2,000",55,0,2005,, ,19.01,5,103-7,스페이스엠,,,11410,서대문구,연희동, 
20120825,"5,000",50,0,2009,, ,25.35,5,192,서대문 디오빌 오피스텔,,,11410,서대문구,충정로2가, 
20120828,"21,000",0,0,2007,, ,89.73,3,340-27,현대싱그런,,,11410,서대문구,연희동, 
20120901,"5,000",0,0,2003,, ,21.12,2,413-126,(413-126),,,11410,서대문구,연희동, 
20120902,"8,500",16,0,2006,, ,19.4,4,190,쎄미앙 오피스텔,,,11410,서대문구,미근동, 
20120904,"8,000",10,0,2003,, ,26.03,5,136-7,(136-7),,,11410,서대문구,연희동, 
20120908,"3,500",25,0,2002,, ,20.39,4,121-4,오벨리스크,,,11410,서대문구,연희동, 
20120911,"30,000",0,0,2007,, ,97.65,7,194-30,브라운스톤 연희,,,11410,서대문구,연희동, 
20120914,"1,000",70,0,2004,, ,24.29,10,45-5,이화인비따레오피스텔,,,11410,서대문구,대현동, 
20120917,"8,000",10,0,2003,, ,26.03,7,136-7,(136-7),,,11410,서대문구,연희동, 
20120921,"3,000",45,0,2005,, ,19.01,3,103-7,스페이스엠,,,11410,서대문구,연희동, 
20120926,"1,000",50,0,2002,, ,25.73,7,76-24,(76-24),,,11410,서대문구,연희동, 
20120927,"13,000",0,0,2004,, ,28.5,8,20-41,아남오피스텔,,,11410,서대문구,창천동, 
20121006,"1,000",50,0,2004,, ,17.16,7,78-4,시아 루비움,,,11410,서대문구,연희동, 
20121012,"1,000",50,0,2006,, ,37.15,5,117,충정로대우디오빌,,,11410,서대문구,합동, 
20121013,"15,500",0,0,2009,, ,35.53,5,192,서대문 디오빌 오피스텔,,,11410,서대문구,충정로2가, 
20121016,"2,000",140,0,2007,, ,58.57,7,194-30,브라운스톤 연희,,,11410,서대문구,연희동, 
20121018,"8,000",8,0,2003,, ,27.48,3,136-7,(136-7),,,11410,서대문구,연희동, 
20121023,"1,000",58,0,2005,, ,16.83,6,218-1,연희체스트빌,,,11410,서대문구,연희동, 
20121025,"5,800",35,0,2006,, ,22.61,6,190,쎄미앙 오피스텔,,,11410,서대문구,미근동, 
20121025,"32,000",0,0,2007,, ,97.65,7,194-30,브라운스톤 연희,,,11410,서대문구,연희동, 
20121030,"3,000",20,0,2003,, ,22.95,2,396-24,현상준건물,,,11410,서대문구,홍은동, 
20121031,"7,500",0,0,2005,, ,19.01,1,103-7,스페이스엠,,,11410,서대문구,연희동, 
20121105,"11,000",0,0,2004,, ,38.28,6,78-4,시아 루비움,,,11410,서대문구,연희동, 
20121105,"13,500",0,0,2006,, ,28.5,11,20-51,신영스카이텔,,,11410,서대문구,창천동, 
20121107,"6,500",0,0,2004,, ,21.75,4,343-1,선정오피스텔,,,11410,서대문구,북가좌동, 
20121119,"3,000",80,0,2005,, ,45.63,8,27-20,신촌가이아,,,11410,서대문구,대현동, 
20121123,"8,000",0,0,2005,, ,19.01,1,103-7,스페이스엠,,,11410,서대문구,연희동, 
20121126,"8,500",0,0,2006,, ,42.66,3,169-3,드리밍 아파트,,,11410,서대문구,연희동, 
20121126,"3,000",40,0,2004,, ,19.38,1,97-64,경선파인 오피스텔,,,11410,서대문구,창천동, 
20121127,"14,000",0,0,2009,, ,56.12,3,165-2,코지펠리스,,,11410,서대문구,홍은동, 
20121127,"7,500",0,0,2003,, ,19.94,2,188-57,(188-57),,,11410,서대문구,연희동, 
20121127,"13,000",0,0,2004,, ,28.08,7,20-41,아남오피스텔,,,11410,서대문구,창천동, 
20121210,"3,000",30,0,2004,, ,19.25,4,78-4,시아 루비움,,,11410,서대문구,연희동, 
20121217,"10,000",0,0,2006,, ,22.61,6,190,쎄미앙 오피스텔,,,11410,서대문구,미근동, 
20121217,"5,500",0,0,2003,, ,18.46,4,413-126,(413-126),,,11410,서대문구,연희동, 
20121221,"5,000",45,0,2005,, ,24.15,2,218-1,연희체스트빌,,,11410,서대문구,연희동, 
20121221,"25,000",0,0,2007,, ,86.17,7,340-27,현대싱그런,,,11410,서대문구,연희동, 
20121224,"7,000",15,0,2003,, ,26.03,2,136-7,(136-7),,,11410,서대문구,연희동, 
20121226,"1,000",60,0,2003,, ,22.23,4,88-11,정연지오빌ll,,,11410,서대문구,연희동, 
20121228,"1,000",70,0,2004,13.01~14.01,신규,28.5,11,20-41,아남오피스텔,,,11410,서대문구,창천동, 
20121228,"24,000",0,0,2007,, ,86.17,7,340-27,현대싱그런,,,11410,서대문구,연희동, 
20121231,"1,000",58,0,2005,, ,16.83,6,218-1,연희체스트빌,,,11410,서대문구,연희동, 
20130103,"7,000",20,0,2003,, ,25.04,7,136-7,(136-7),,,11410,서대문구,연희동, 
20130103,"7,000",20,0,2003,, ,26.03,4,136-7,(136-7),,,11410,서대문구,연희동, 
20130108,"5,000",50,0,2009,, ,25.35,3,192,서대문 디오빌 오피스텔,,,11410,서대문구,충정로2가, 
20130116,"4,000",210,0,2007,, ,116.97,2,340-27,현대싱그런,,,11410,서대문구,연희동, 
20130119,"13,800",0,0,2004,, ,30.24,13,20-41,아남오피스텔,,,11410,서대문구,창천동, 
20130125,"1,000",70,0,2004,, ,28.08,6,20-41,아남오피스텔,,,11410,서대문구,창천동, 
20130127,"2,500",42,0,2004,, ,19.81,4,103-6,라이온스톤,,,11410,서대문구,연희동, 
20130129,"4,500",0,0,2003,, ,17.34,5,396-25,동림오벨리스크,,,11410,서대문구,홍은동, 
20130129,"9,500",20,0,2004,, ,28.5,15,20-41,아남오피스텔,,,11410,서대문구,창천동, 
20130130,"14,000",0,0,2004,, ,28.5,13,20-41,아남오피스텔,,,11410,서대문구,창천동, 
20130213,"14,000",0,0,2009,, ,25.35,7,192,서대문 디오빌 오피스텔,,,11410,서대문구,충정로2가, 
20130213,"3,000",40,0,2004,, ,19.04,4,188-3,(188-3),,,11410,서대문구,연희동, 
20130213,"1,000",55,0,2004,, ,19.25,3,78-4,시아 루비움,,,11410,서대문구,연희동, 
20130214,"1,000",78,0,2005,, ,26.64,13,27-20,신촌가이아,,,11410,서대문구,대현동, 
20130216,"7,500",0,0,2002,, ,21.06,3,122-3,정연 지오빌,,,11410,서대문구,연희동, 
20130218,"2,000",50,0,2005,, ,16.83,5,218-1,연희체스트빌,,,11410,서대문구,연희동, 
20130221,500,40,0,2003,, ,17.34,2,396-25,동림오벨리스크,,,11410,서대문구,홍은동, 
20130223,"7,000",0,0,2002,, ,20.39,5,121-4,오벨리스크,,,11410,서대문구,연희동, 
20130223,500,58,0,2005,, ,16.83,7,218-1,연희체스트빌,,,11410,서대문구,연희동, 
20130225,"10,000",0,0,2004,13.03~14.03,신규,33.74,4,465,충정리시온,,,11410,서대문구,충정로3가, 
20130303,"1,000",50,0,2001,, ,16.2,9,212-2,연희소프트빌,,,11410,서대문구,연희동, 
20130307,"1,000",95,0,2005,, ,41.08,7,116,SK리쳄블,,,11410,서대문구,합동, 
20130311,"5,000",35,0,2003,, ,26.03,5,136-7,(136-7),,,11410,서대문구,연희동, 
20130311,"3,000",50,0,2003,, ,26.03,2,136-7,(136-7),,,11410,서대문구,연희동, 
20130316,"9,000",0,0,2003,, ,26.32,4,136-7,(136-7),,,11410,서대문구,연희동, 
20130318,"7,500",0,0,2002,, ,19.44,3,122-3,정연 지오빌,,,11410,서대문구,연희동, 
20130318,300,73,0,2009,, ,25.35,12,192,서대문 디오빌 오피스텔,,,11410,서대문구,충정로2가, 
20130322,"8,000",0,0,2005,, ,19.01,5,103-7,스페이스엠,,,11410,서대문구,연희동, 
20130323,"8,500",25,0,2006,, ,22.61,5,190,쎄미앙 오피스텔,,,11410,서대문구,미근동, 
20130330,"3,000",45,0,2004,, ,29.56,4,465,충정리시온,,,11410,서대문구,충정로3가, 
20130406,"3,000",40,0,2002,, ,19.44,6,122-3,정연 지오빌,,,11410,서대문구,연희동, 
20130409,"5,000",55,0,2005,, ,33.71,6,29-81,신촌 르메이에르타운5,,,11410,서대문구,창천동, 
20130409,"9,000",22,0,2006,, ,22.61,3,190,쎄미앙 오피스텔,,,11410,서대문구,미근동, 
20130410,"11,000",0,0,2004,, ,44.22,9,490,홍익사랑,,,11410,서대문구,창천동, 
20130411,"5,000",50,0,2009,, ,25.35,5,192,서대문 디오빌 오피스텔,,,11410,서대문구,충정로2가, 
20130412,"2,000",40,0,2001,, ,16.2,6,212-2,연희소프트빌,,,11410,서대문구,연희동, 
20130418,"32,000",0,0,2007,, ,115.53,10,340-27,현대싱그런,,,11410,서대문구,연희동, 
20130418,"24,000",0,0,2006,, ,61.73,5,117,충정로대우디오빌,,,11410,서대문구,합동, 
20130419,"23,000",0,0,2007,, ,116.97,3,340-27,현대싱그런,,,11410,서대문구,연희동, 
20130430,500,55,0,2004,, ,17.6,5,78-4,시아 루비움,,,11410,서대문구,연희동, 
20130506,"1,000",40,0,2004,, ,24.87,7,343-1,선정오피스텔,,,11410,서대문구,북가좌동, 
20130507,"1,500",38,0,2004,, ,21.75,8,343-1,선정오피스텔,,,11410,서대문구,북가좌동, 
20130508,"23,000",0,0,2007,, ,85.25,2,340-27,현대싱그런,,,11410,서대문구,연희동, 
20130508,"8,000",10,0,2003,, ,26.32,7,136-7,(136-7),,,11410,서대문구,연희동, 
20130514,500,40,0,2002,14.05~15.05,신규,13.33,4,92-7,창천오피스텔,,,11410,서대문구,창천동, 
20130516,"9,000",0,0,2003,, ,26.03,4,136-7,(136-7),,,11410,서대문구,연희동, 
20130516,"9,000",0,0,2006,, ,44.52,3,169-3,드리밍 아파트,,,11410,서대문구,연희동, 
20130520,"13,500",0,0,2009,, ,25.35,5,192,서대문 디오빌 오피스텔,,,11410,서대문구,충정로2가, 
20130520,"13,500",0,0,2009,, ,22.72,19,192,서대문 디오빌 오피스텔,,,11410,서대문구,충정로2가, 
20130525,500,40,0,2002,, ,14.11,6,92-7,창천오피스텔,,,11410,서대문구,창천동, 
20130601,"8,000",0,0,2003,, ,18.9,5,188-57,(188-57),,,11410,서대문구,연희동, 
20130608,"6,000",0,0,2003,, ,25.53,4,88-11,정연지오빌ll,,,11410,서대문구,연희동, 
20130617,"8,200",12,0,2006,, ,19.4,10,190,쎄미앙 오피스텔,,,11410,서대문구,미근동, 
20130618,"10,500",0,0,2006,, ,22.61,3,190,쎄미앙 오피스텔,,,11410,서대문구,미근동, 
20130621,"1,000",48,0,2003,, ,15.94,6,80-7,파라다이스텔에스비,,,11410,서대문구,연희동, 
20130621,"8,000",0,0,2004,, ,19.26,4,97-64,경선파인 오피스텔,,,11410,서대문구,창천동, 
20130623,"15,000",0,0,2009,, ,56.12,9,165-2,코지펠리스,,,11410,서대문구,홍은동, 
20130625,"1,000",95,0,2005,, ,33.12,14,27-20,신촌가이아,,,11410,서대문구,대현동, 
20130626,"1,000",55,0,2004,, ,20.52,5,188-3,(188-3),,,11410,서대문구,연희동, 
20130630,"29,000",0,0,2007,, ,115.53,6,340-27,현대싱그런,,,11410,서대문구,연희동, 
20130708,"15,000",0,0,2009,, ,56.12,6,165-2,코지펠리스,,,11410,서대문구,홍은동, 
20130709,"3,000",35,0,2003,, ,19.42,2,188-57,(188-57),,,11410,서대문구,연희동, 
20130713,"4,000",35,0,2005,, ,19.01,4,103-7,스페이스엠,,,11410,서대문구,연희동, 
20130716,"3,000",150,0,2007,, ,97.65,12,194-30,브라운스톤 연희,,,11410,서대문구,연희동, 
20130718,"1,000",40,0,2004,, ,24.84,4,343-1,선정오피스텔,,,11410,서대문구,북가좌동, 
20130719,"15,000",0,0,2006,, ,30.86,3,117,충정로대우디오빌,,,11410,서대문구,합동, 
20130720,"1,000",57,0,2005,, ,16.83,9,218-1,연희체스트빌,,,11410,서대문구,연희동, 
20130726,"7,500",0,0,2003,, ,22.23,3,88-11,정연지오빌ll,,,11410,서대문구,연희동, 
20130729,"3,000",50,0,2004,, ,19.38,4,97-64,경선파인 오피스텔,,,11410,서대문구,창천동, 
20130729,"39,000",0,0,2007,, ,64.41,7,194-30,브라운스톤 연희,,,11410,서대문구,연희동, 
20130802,500,45,0,2002,, ,13.33,4,92-7,창천오피스텔,,,11410,서대문구,창천동, 
20130803,"5,000",25,0,2005,, ,16.83,8,218-1,연희체스트빌,,,11410,서대문구,연희동, 
20130805,"1,000",50,0,2002,, ,25.73,4,76-24,(76-24),,,11410,서대문구,연희동, 
20130807,300,73,0,2009,, ,25.35,15,192,서대문 디오빌 오피스텔,,,11410,서대문구,충정로2가, 
20130814,"1,000",50,0,2001,, ,16.2,8,212-2,연희소프트빌,,,11410,서대문구,연희동, 
20130817,"1,000",44,0,2002,, ,20.67,7,100-15,브라운 힐,,,11410,서대문구,연희동, 
20130817,"8,500",16,0,2006,, ,19.4,4,190,쎄미앙 오피스텔,,,11410,서대문구,미근동, 
20130819,400,46,0,2003,, ,21.42,1,396-25,동림오벨리스크,,,11410,서대문구,홍은동, 
20130821,"1,000",55,0,2002,, ,19.44,5,122-3,정연 지오빌,,,11410,서대문구,연희동, 
20130829,"16,000",0,0,2009,, ,56.12,5,165-2,코지펠리스,,,11410,서대문구,홍은동, 
20130903,"8,000",0,0,2005,, ,19.01,6,103-7,스페이스엠,,,11410,서대문구,연희동, 
20130905,"8,000",20,0,2003,, ,26.03,6,136-7,(136-7),,,11410,서대문구,연희동, 
20130906,"2,000",60,0,2004,, ,24.29,7,45-5,이화인비따레오피스텔,,,11410,서대문구,대현동, 
20130907,"3,000",30,0,2001,, ,16.2,2,212-2,연희소프트빌,,,11410,서대문구,연희동, 
20130907,"12,000",0,0,2005,, ,26.34,9,29-81,신촌 르메이에르타운5,,,11410,서대문구,창천동, 
20130913,"1,000",75,0,2005,, ,29.13,14,29-81,신촌 르메이에르타운5,,,11410,서대문구,창천동, 
20130914,"1,000",45,0,2001,, ,16.2,7,212-2,연희소프트빌,,,11410,서대문구,연희동, 
20130924,"2,000",20,0,2003,, ,17.34,1,396-25,동림오벨리스크,,,11410,서대문구,홍은동, 
20130926,"3,000",30,0,2003,, ,19.24,11,80-7,파라다이스텔에스비,,,11410,서대문구,연희동, 
20130926,"15,000",0,0,2009,, ,56.12,8,165-2,코지펠리스,,,11410,서대문구,홍은동, 
20131002,"25,000",0,0,2007,, ,115.53,4,340-27,현대싱그런,,,11410,서대문구,연희동, 
20131004,"31,000",0,0,2007,, ,97.65,7,194-30,브라운스톤 연희,,,11410,서대문구,연희동, 
20131012,"40,000",0,0,2007,, ,97.65,11,194-30,브라운스톤 연희,,,11410,서대문구,연희동, 
20131014,300,73,0,2009,, ,25.35,15,192,서대문 디오빌 오피스텔,,,11410,서대문구,충정로2가, 
20131014,"1,000",80,0,2006,, ,37.15,5,117,충정로대우디오빌,,,11410,서대문구,합동, 
20131014,"25,000",0,0,2007,, ,58.57,9,194-30,브라운스톤 연희,,,11410,서대문구,연희동, 
20131016,"19,000",0,0,2003,, ,98.61,2,274-99,홍은그린아파트,,,11410,서대문구,홍은동, 
20131019,"2,000",60,0,2005,, ,26.64,6,27-20,신촌가이아,,,11410,서대문구,대현동, 
20131030,"9,300",10,0,2006,, ,19.4,5,190,쎄미앙 오피스텔,,,11410,서대문구,미근동, 
20131031,"2,000",40,0,2002,, ,19.44,4,122-3,정연 지오빌,,,11410,서대문구,연희동, 
20131109,"14,500",0,0,2009,, ,56.12,6,165-2,코지펠리스,,,11410,서대문구,홍은동, 
20131111,"2,000",35,0,2002,, ,20.67,4,100-15,브라운 힐,,,11410,서대문구,연희동, 
20131114,"3,000",37,0,2004,, ,19.81,5,103-6,라이온스톤,,,11410,서대문구,연희동, 
20131123,"9,800",0,0,2006,, ,19.4,3,190,쎄미앙 오피스텔,,,11410,서대문구,미근동, 
20131127,"1,000",50,0,2005,, ,26.22,15,29-81,신촌 르메이에르타운5,,,11410,서대문구,창천동, 
20131128,"16,300",0,0,2006,, ,29.26,5,117,충정로대우디오빌,,,11410,서대문구,합동, 
20131130,"33,000",0,0,2007,, ,115.53,8,340-27,현대싱그런,,,11410,서대문구,연희동, 
20131130,"19,000",0,0,2009,, ,81.24,2,164,천지인에이동,,,11410,서대문구,홍은동, 
20131130,"3,000",80,0,2005,, ,41.57,3,116,SK리쳄블,,,11410,서대문구,합동, 
20131130,"1,000",65,0,2004,, ,24.29,4,45-5,이화인비따레오피스텔,,,11410,서대문구,대현동, 
20131204,"23,000",0,0,2007,, ,115.53,8,340-27,현대싱그런,,,11410,서대문구,연희동, 
20131206,"3,000",150,0,2007,, ,87.59,7,340-27,현대싱그런,,,11410,서대문구,연희동, 
20131209,"17,500",0,0,2006,, ,37.15,10,117,충정로대우디오빌,,,11410,서대문구,합동, 
20131210,"1,000",50,0,2002,, ,25.73,6,76-24,(76-24),,,11410,서대문구,연희동, 
20131210,500,50,0,2001,, ,16.2,8,212-2,연희소프트빌,,,11410,서대문구,연희동, 
20131216,"10,000",30,0,2014,14.01~15.01,신규,27.66,5,104-5,신촌푸르지오시티,,,11410,서대문구,대현동, 
20131223,"24,000",0,0,2007,, ,116.97,1,340-27,현대싱그런,,,11410,서대문구,연희동, 
20131224,"10,000",0,0,2003,, ,26.03,2,136-7,(136-7),,,11410,서대문구,연희동, 
20131224,"7,000",50,0,2014,, ,26.82,9,104-5,신촌푸르지오시티,,,11410,서대문구,대현동, 
20131228,"10,000",0,0,2006,, ,22.61,5,190,쎄미앙 오피스텔,,,11410,서대문구,미근동, 
20140102,"2,000",70,0,2006,, ,26.15,5,90-1,(90-1),,,11410,서대문구,대신동, 
20140106,"6,000",25,0,2004,, ,19.26,2,97-64,경선파인 오피스텔,,,11410,서대문구,창천동, 
20140109,"8,000",0,0,2005,, ,19.01,1,103-7,스페이스엠,,,11410,서대문구,연희동, 
20140110,"2,000",70,0,2005,, ,24.15,3,218-1,연희체스트빌,,,11410,서대문구,연희동, 
20140114,"2,000",60,0,2004,, ,20.52,6,97-64,경선파인 오피스텔,,,11410,서대문구,창천동, 
20140118,"12,500",0,0,2004,, ,28.5,15,20-41,아남오피스텔,,,11410,서대문구,창천동, 
20140125,"1,000",55,0,2004,, ,19.04,4,188-3,(188-3),,,11410,서대문구,연희동, 
20140128,"2,000",68,0,2006,, ,25.69,4,90-1,(90-1),,,11410,서대문구,대신동, 
20140128,"9,000",10,0,2006,, ,19.4,7,190,쎄미앙 오피스텔,,,11410,서대문구,미근동, 
20140128,"2,000",30,0,2003,, ,22.95,4,396-24,현상준건물,,,11410,서대문구,홍은동, 
20140205,500,48,0,2001,, ,16.2,7,212-2,연희소프트빌,,,11410,서대문구,연희동, 
20140212,"1,000",120,0,2005,, ,49.83,7,116,SK리쳄블,,,11410,서대문구,합동, 
20140212,300,73,0,2009,, ,25.35,16,192,서대문 디오빌 오피스텔,,,11410,서대문구,충정로2가, 
20140215,"1,000",72,0,2005,, ,26.64,5,27-20,신촌가이아,,,11410,서대문구,대현동, 
20140217,"28,000",0,0,2007,, ,86.17,10,340-27,현대싱그런,,,11410,서대문구,연희동, 
20140221,"3,000",30,0,2001,, ,16.2,4,212-2,연희소프트빌,,,11410,서대문구,연희동, 
20140221,"43,000",0,0,2007,, ,132.63,9,194-30,브라운스톤 연희,,,11410,서대문구,연희동, 
20140225,"3,000",30,0,2001,14.03~15.02,신규,16.2,2,212-2,연희소프트빌,,,11410,서대문구,연희동, 
20140225,"26,000",0,0,2007,, ,64.41,10,194-30,브라운스톤 연희,,,11410,서대문구,연희동, 
20140228,"2,000",45,0,2004,, ,20.52,2,188-3,(188-3),,,11410,서대문구,연희동, 
20140301,"1,000",85,0,2014,14.03~15.03,신규,26.76,8,104-5,신촌푸르지오시티,,,11410,서대문구,대현동, 
20140301,"8,000",40,0,2006,, ,30.86,2,117,충정로대우디오빌,,,11410,서대문구,합동, 
20140308,"2,500",40,0,2002,, ,25.73,2,76-24,(76-24),,,11410,서대문구,연희동, 
20140313,"6,500",0,0,2004,, ,21.75,4,343-1,선정오피스텔,,,11410,서대문구,북가좌동, 
20140315,"18,000",0,0,2005,, ,34.22,3,116,SK리쳄블,,,11410,서대문구,합동, 
20140317,"19,000",0,0,2009,, ,56.12,10,165-2,코지펠리스,,,11410,서대문구,홍은동, 
20140317,"2,000",40,0,2002,, ,20.39,2,121-4,오벨리스크,,,11410,서대문구,연희동, 
20140319,"14,000",0,0,2009,, ,25.35,8,192,서대문 디오빌 오피스텔,,,11410,서대문구,충정로2가, 
20140323,"3,000",55,0,2009,, ,25.35,6,192,서대문 디오빌 오피스텔,,,11410,서대문구,충정로2가, 
20140327,"7,500",0,0,2002,, ,22.9,2,92-7,창천오피스텔,,,11410,서대문구,창천동, 
20140402,"1,000",50,0,2002,, ,12.95,5,62-48,(62-48),,,11410,서대문구,창천동, 
20140408,500,75,0,2009,, ,25.35,14,192,서대문 디오빌 오피스텔,,,11410,서대문구,충정로2가, 
20140408,500,40,0,2004,, ,21.75,8,343-1,선정오피스텔,,,11410,서대문구,북가좌동, 
20140409,"12,000",0,0,2004,, ,44.22,9,490,홍익사랑,,,11410,서대문구,창천동, 
20140415,"12,000",0,0,2006,, ,57.15,3,169-3,드리밍 아파트,,,11410,서대문구,연희동, 
20140415,"16,000",0,0,2009,, ,56.12,2,165-2,코지펠리스,,,11410,서대문구,홍은동, 
20140423,"8,500",0,0,2005,14.05~16.05,신규,19.01,3,103-7,스페이스엠,,,11410,서대문구,연희동, 
20140426,"17,000",0,0,2009,, ,56.12,10,165-2,코지펠리스,,,11410,서대문구,홍은동, 
20140429,"1,000",65,0,2004,, ,20.52,4,97-64,경선파인 오피스텔,,,11410,서대문구,창천동, 
20140429,"14,000",0,0,2009,, ,25.35,11,192,서대문 디오빌 오피스텔,,,11410,서대문구,충정로2가, 
20140506,"3,000",30,0,2002,, ,20.39,6,121-4,오벨리스크,,,11410,서대문구,연희동, 
20140507,"1,000",135,0,2006,, ,58.53,13,117,충정로대우디오빌,,,11410,서대문구,합동, 
20140509,"26,000",0,0,2006,, ,61.73,7,117,충정로대우디오빌,,,11410,서대문구,합동, 
20140517,"14,000",0,0,2009,, ,25.35,3,192,서대문 디오빌 오피스텔,,,11410,서대문구,충정로2가, 
20140518,"6,500",0,0,2002,, ,22.9,5,92-7,창천오피스텔,,,11410,서대문구,창천동, 
20140523,"14,000",0,0,2009,, ,25.35,12,192,서대문 디오빌 오피스텔,,,11410,서대문구,충정로2가, 
20140524,"14,000",0,0,2009,, ,25.35,15,192,서대문 디오빌 오피스텔,,,11410,서대문구,충정로2가, 
20140526,"14,000",0,0,2009,, ,25.35,16,192,서대문 디오빌 오피스텔,,,11410,서대문구,충정로2가, 
20140527,"14,000",0,0,2009,, ,25.35,16,192,서대문 디오빌 오피스텔,,,11410,서대문구,충정로2가, 
20140529,"8,000",0,0,2004,, ,19.38,1,97-64,경선파인 오피스텔,,,11410,서대문구,창천동, 
20140602,500,45,0,2004,, ,21.75,5,343-1,선정오피스텔,,,11410,서대문구,북가좌동, 
20140607,"1,000",70,0,2009,, ,25.35,12,192,서대문 디오빌 오피스텔,,,11410,서대문구,충정로2가, 
20140614,"18,000",0,0,2009,, ,35.53,15,192,서대문 디오빌 오피스텔,,,11410,서대문구,충정로2가, 
20140621,"8,000",0,0,2005,, ,19.01,2,103-7,스페이스엠,,,11410,서대문구,연희동, 
20140626,"18,000",0,0,2014,, ,26.76,21,104-5,신촌푸르지오시티,,,11410,서대문구,대현동, 
20140628,"8,200",12,0,2006,, ,19.4,10,190,쎄미앙 오피스텔,,,11410,서대문구,미근동, 
20140628,"6,500",0,0,2002,, ,20.39,6,121-4,오벨리스크,,,11410,서대문구,연희동, 
20140628,"9,000",0,0,2004,, ,22.11,9,490,홍익사랑,,,11410,서대문구,창천동, 
20140628,"1,000",55,0,2005,, ,16.83,7,218-1,연희체스트빌,,,11410,서대문구,연희동, 
20140628,"2,500",62,0,2009,, ,25.35,9,192,서대문 디오빌 오피스텔,,,11410,서대문구,충정로2가, 
20140703,"2,000",60,0,2004,, ,19.38,3,97-64,경선파인 오피스텔,,,11410,서대문구,창천동, 
20140704,"17,000",0,0,2009,, ,56.12,6,165-2,코지펠리스,,,11410,서대문구,홍은동, 
20140705,"2,000",50,0,2004,, ,20.52,5,188-3,(188-3),,,11410,서대문구,연희동, 
20140721,"17,000",0,0,2006,, ,29.25,9,117,충정로대우디오빌,,,11410,서대문구,합동, 
20140724,"16,000",0,0,2006,, ,29.26,2,117,충정로대우디오빌,,,11410,서대문구,합동, 
20140725,500,60,0,2005,, ,16.83,5,218-1,연희체스트빌,,,11410,서대문구,연희동, 
20140726,"1,000",60,0,2004,, ,19.31,1,97-64,경선파인 오피스텔,,,11410,서대문구,창천동, 
20140730,"30,000",0,0,2007,, ,97.65,12,194-30,브라운스톤 연희,,,11410,서대문구,연희동, 
20140731,"1,000",70,0,2005,, ,24.92,8,29-81,신촌 르메이에르타운5,,,11410,서대문구,창천동, 
20140731,"9,000",0,0,2004,, ,19.31,6,97-64,경선파인 오피스텔,,,11410,서대문구,창천동, 
20140808,"8,500",19,0,2006,, ,19.4,4,190,쎄미앙 오피스텔,,,11410,서대문구,미근동, 
20140809,"29,700",0,0,2007,, ,97.65,7,194-30,브라운스톤 연희,,,11410,서대문구,연희동, 
20140811,"6,000",0,0,2002,, ,17.82,6,92-7,창천오피스텔,,,11410,서대문구,창천동, 
20140814,"1,000",50,0,2002,, ,19.61,3,62-48,(62-48),,,11410,서대문구,창천동, 
20140819,500,60,0,2005,, ,16.83,6,218-1,연희체스트빌,,,11410,서대문구,연희동, 
20140825,"3,000",130,0,2007,, ,87.59,7,340-27,현대싱그런,,,11410,서대문구,연희동, 
20140825,"16,000",0,0,2006,, ,29.25,9,117,충정로대우디오빌,,,11410,서대문구,합동, 
20140827,"26,000",0,0,2006,, ,61.22,11,117,충정로대우디오빌,,,11410,서대문구,합동, 
20140827,"1,000",55,0,2004,, ,19.95,3,188-3,(188-3),,,11410,서대문구,연희동, 
20140830,"16,500",0,0,2009,, ,56.12,3,165-2,코지펠리스,,,11410,서대문구,홍은동, 
20140901,"24,000",0,0,2007,, ,116.97,2,340-27,현대싱그런,,,11410,서대문구,연희동, 
20140902,"2,000",40,0,2004,, ,17.16,5,78-4,시아 루비움,,,11410,서대문구,연희동, 
20140903,500,45,0,2002,, ,13.33,2,92-7,창천오피스텔,,,11410,서대문구,창천동, 
20140913,"16,500",0,0,2009,, ,56.12,2,165-2,코지펠리스,,,11410,서대문구,홍은동, 
20140923,"3,500",50,0,2005,, ,26.64,11,27-20,신촌가이아,,,11410,서대문구,대현동, 
20140927,"14,000",0,0,2009,, ,25.35,11,192,서대문 디오빌 오피스텔,,,11410,서대문구,충정로2가, 
20140927,"7,000",40,0,2009,, ,25.35,15,192,서대문 디오빌 오피스텔,,,11410,서대문구,충정로2가, 
20140927,"15,000",0,0,2009,, ,28.82,14,192,서대문 디오빌 오피스텔,,,11410,서대문구,충정로2가, 
20140929,"10,000",0,0,2006,, ,42.66,2,169-3,드리밍 아파트,,,11410,서대문구,연희동, 
20140930,"14,000",0,0,2009,, ,25.35,15,192,서대문 디오빌 오피스텔,,,11410,서대문구,충정로2가, 
20141003,"1,000",70,0,2007,, ,28.79,5,194-30,브라운스톤 연희,,,11410,서대문구,연희동, 
20141010,"10,000",8,0,2006,, ,22.61,10,190,쎄미앙 오피스텔,,,11410,서대문구,미근동, 
20141014,"9,500",60,0,2006,, ,19.4,3,190,쎄미앙 오피스텔,,,11410,서대문구,미근동, 
20141016,"3,000",35,0,2003,, ,18.9,5,188-57,(188-57),,,11410,서대문구,연희동, 
20141019,"8,500",0,0,2005,, ,19.01,4,103-7,스페이스엠,,,11410,서대문구,연희동, 
20141021,"8,500",0,0,2004,, ,19.81,5,103-6,라이온스톤,,,11410,서대문구,연희동, 
20141025,"26,000",0,0,2007,, ,64.41,9,194-30,브라운스톤 연희,,,11410,서대문구,연희동, 
20141028,"1,500",130,0,2006,, ,61.73,11,117,충정로대우디오빌,,,11410,서대문구,합동, 
20141030,"10,000",0,0,2006,, ,19.4,4,190,쎄미앙 오피스텔,,,11410,서대문구,미근동, 
20141030,"1,000",50,0,2002,, ,17.82,5,92-7,창천오피스텔,,,11410,서대문구,창천동, 
20141104,"18,000",0,0,2014,, ,28.3,15,104-36,신촌자이엘라,,,11410,서대문구,대현동, 
20141107,"1,000",50,0,2001,, ,16.2,4,212-2,연희소프트빌,,,11410,서대문구,연희동, 
20141113,"18,000",0,0,2014,, ,28.3,8,104-36,신촌자이엘라,,,11410,서대문구,대현동, 
20141114,"2,000",60,0,2009,, ,25.35,14,192,서대문 디오빌 오피스텔,,,11410,서대문구,충정로2가, 
20141118,"8,000",5,0,2005,, ,19.01,1,103-7,스페이스엠,,,11410,서대문구,연희동, 
20141119,"7,000",5,0,2002,, ,19.44,3,122-3,정연 지오빌,,,11410,서대문구,연희동, 
20141121,"7,500",0,0,2004,, ,20.52,1,97-64,경선파인 오피스텔,,,11410,서대문구,창천동, 
20141126,"3,000",60,0,2006,, ,29.29,9,117,충정로대우디오빌,,,11410,서대문구,합동, 
20141127,"8,000",0,0,2003,, ,19.94,2,188-57,(188-57),,,11410,서대문구,연희동, 
20141130,"9,500",50,0,2006,, ,19.4,5,190,쎄미앙 오피스텔,,,11410,서대문구,미근동, 
20141208,"5,000",70,0,2014,, ,29.45,14,104-36,신촌자이엘라,,,11410,서대문구,대현동, 
20141213,"10,200",7,0,2006,, ,22.61,2,190,쎄미앙 오피스텔,,,11410,서대문구,미근동, 
20141213,"20,000",0,0,2014,, ,29.62,12,104-36,신촌자이엘라,,,11410,서대문구,대현동, 
20141217,"1,000",73,0,2005,, ,22.74,12,27-20,신촌가이아,,,11410,서대문구,대현동, 
20141217,"5,000",70,0,2014,, ,29.62,5,104-36,신촌자이엘라,,,11410,서대문구,대현동, 
20141218,"6,000",65,0,2014,, ,27.61,6,104-36,신촌자이엘라,,,11410,서대문구,대현동, 
20141223,"33,000",0,0,2007,, ,97.65,7,194-30,브라운스톤 연희,,,11410,서대문구,연희동, 
20141226,"38,000",0,0,2007,, ,115.53,7,340-27,현대싱그런,,,11410,서대문구,연희동, 
20141229,"8,000",0,0,2003,, ,19.42,6,188-57,(188-57),,,11410,서대문구,연희동, 
20141229,"4,000",45,0,2004,, ,28.5,10,20-41,아남오피스텔,,,11410,서대문구,창천동, 
20150102,"1,000",50,0,2002,, ,12.95,5,62-48,(62-48),,,11410,서대문구,창천동, 
20150107,"1,000",65,0,2004,, ,24.29,5,45-5,이화인비따레오피스텔,,,11410,서대문구,대현동, 
20150110,"1,000",80,0,2014,, ,23.7,8,104-5,신촌푸르지오시티,,,11410,서대문구,대현동, 
20150110,"17,000",0,0,2006,, ,30.86,11,117,충정로대우디오빌,,,11410,서대문구,합동, 
20150111,"2,000",50,0,2004,, ,19.95,5,188-3,(188-3),,,11410,서대문구,연희동, 
20150117,"2,000",60,0,2004,15.02~16.02,신규,19.38,5,97-64,경선파인 오피스텔,,,11410,서대문구,창천동, 
20150124,"3,000",25,0,2003,, ,24.48,1,396-25,동림오벨리스크,,,11410,서대문구,홍은동, 
20150125,"1,000",40,0,2002,, ,20.39,4,121-4,오벨리스크,,,11410,서대문구,연희동, 
20150126,500,50,0,2003,, ,15.94,10,80-7,파라다이스텔에스비,,,11410,서대문구,연희동, 
20150130,"25,000",0,0,2007,, ,86.17,7,340-27,현대싱그런,,,11410,서대문구,연희동, 
20150201,"3,000",70,0,2004,, ,27.31,4,97-64,경선파인 오피스텔,,,11410,서대문구,창천동, 
20150207,"1,000",75,0,2005,, ,26.64,8,27-20,신촌가이아,,,11410,서대문구,대현동, 
20150208,"3,000",60,0,2005,, ,24.15,3,218-1,연희체스트빌,,,11410,서대문구,연희동, 
20150211,"1,000",75,0,2005,15.02~16.02,신규,29.04,6,27-20,신촌가이아,,,11410,서대문구,대현동, 
20150212,"3,000",85,0,2014,, ,29.45,8,104-36,신촌자이엘라,,,11410,서대문구,대현동, 
20150215,"3,000",80,0,2014,, ,29.62,4,104-36,신촌자이엘라,,,11410,서대문구,대현동, 
20150216,"2,000",60,0,2004,, ,19.38,4,97-64,경선파인 오피스텔,,,11410,서대문구,창천동, 
20150216,"17,500",0,0,2006,, ,29.26,6,117,충정로대우디오빌,,,11410,서대문구,합동, 
20150217,"47,000",0,0,2007,, ,156.24,11,194-30,브라운스톤 연희,,,11410,서대문구,연희동, 
20150217,"9,500",15,0,2006,, ,22.61,5,190,쎄미앙 오피스텔,,,11410,서대문구,미근동, 
20150303,"1,000",70,0,2007,, ,28.79,4,194-30,브라운스톤 연희,,,11410,서대문구,연희동, 
20150304,"3,000",80,0,2014,, ,29.45,8,104-36,신촌자이엘라,,,11410,서대문구,대현동, 
20150306,"9,500",15,0,2006,, ,22.61,3,190,쎄미앙 오피스텔,,,11410,서대문구,미근동, 
20150309,"1,000",46,0,2001,, ,16.2,6,212-2,연희소프트빌,,,11410,서대문구,연희동, 
20150310,"19,000",0,0,2006,, ,37.15,13,117,충정로대우디오빌,,,11410,서대문구,합동, 
20150315,"14,000",0,0,2009,, ,25.35,7,192,서대문 디오빌 오피스텔,,,11410,서대문구,충정로2가, 
20150317,"7,500",28,0,2003,, ,26.03,5,136-7,(136-7),,,11410,서대문구,연희동, 
20150326,"3,000",55,0,2009,, ,25.35,6,192,서대문 디오빌 오피스텔,,,11410,서대문구,충정로2가, 
20150331,"35,000",0,0,2007,, ,116.97,1,340-27,현대싱그런,,,11410,서대문구,연희동, 
20150331,"18,000",0,0,2005,, ,34.22,6,116,SK리쳄블,,,11410,서대문구,합동, 
20150401,"23,000",0,0,2007,, ,86.17,8,340-27,현대싱그런,,,11410,서대문구,연희동, 
20150408,"1,000",85,0,2006,, ,37.15,10,117,충정로대우디오빌,,,11410,서대문구,합동, 
20150416,"14,500",0,0,2009,, ,25.35,8,192,서대문 디오빌 오피스텔,,,11410,서대문구,충정로2가, 
20150417,"10,500",10,0,2006,, ,22.61,7,190,쎄미앙 오피스텔,,,11410,서대문구,미근동, 
20150418,"26,000",0,0,2007,, ,86.17,6,340-27,현대싱그런,,,11410,서대문구,연희동, 
20150422,"14,000",0,0,2009,, ,25.35,12,192,서대문 디오빌 오피스텔,,,11410,서대문구,충정로2가, 
20150423,"14,000",0,0,2009,, ,25.35,12,192,서대문 디오빌 오피스텔,,,11410,서대문구,충정로2가, 
20150428,"2,000",50,0,2004,, ,19.81,4,103-6,라이온스톤,,,11410,서대문구,연희동, 
20150430,700,57,0,2005,, ,16.83,2,218-1,연희체스트빌,,,11410,서대문구,연희동, 
20150430,"18,000",0,0,2009,, ,56.12,7,165-2,코지펠리스,,,11410,서대문구,홍은동, 
20150501,"14,000",0,0,2009,, ,25.35,15,192,서대문 디오빌 오피스텔,,,11410,서대문구,충정로2가, 
20150511,500,52,0,2001,, ,16.2,3,212-2,연희소프트빌,,,11410,서대문구,연희동, 
20150518,"14,500",0,0,2009,, ,25.35,15,192,서대문 디오빌 오피스텔,,,11410,서대문구,충정로2가, 
20150520,"1,000",90,0,2014,, ,28.3,14,104-36,신촌자이엘라,,,11410,서대문구,대현동, 
20150522,"14,500",0,0,2009,, ,25.35,15,192,서대문 디오빌 오피스텔,,,11410,서대문구,충정로2가, 
20150523,500,45,0,2002,, ,13.33,6,92-7,창천오피스텔,,,11410,서대문구,창천동, 
20150527,"14,000",0,0,2009,, ,25.35,12,192,서대문 디오빌 오피스텔,,,11410,서대문구,충정로2가, 
20150529,"14,500",0,0,2009,, ,25.35,12,192,서대문 디오빌 오피스텔,,,11410,서대문구,충정로2가, 
20150530,"34,000",0,0,2007,, ,97.65,9,194-30,브라운스톤 연희,,,11410,서대문구,연희동, 
20150530,"10,000",0,0,2004,, ,22.11,7,490,홍익사랑,,,11410,서대문구,창천동, 
20150604,"7,000",42,0,2009,, ,25.35,12,192,서대문 디오빌 오피스텔,,,11410,서대문구,충정로2가, 
20150606,"1,000",40,0,2004,, ,22.11,8,490,홍익사랑,,,11410,서대문구,창천동, 
20150606,"7,500",5,0,2002,, ,19.44,5,122-3,정연 지오빌,,,11410,서대문구,연희동, 
20150610,"12,000",0,0,2003,, ,26.03,4,136-7,(136-7),,,11410,서대문구,연희동, 
20150615,"2,000",40,0,2002,, ,21.06,3,122-3,정연 지오빌,,,11410,서대문구,연희동, 
20150620,"1,000",55,0,2005,, ,16.83,2,218-1,연희체스트빌,,,11410,서대문구,연희동, 
20150620,"12,000",0,0,2005,, ,20.4,2,218-1,연희체스트빌,,,11410,서대문구,연희동, 
20150623,"1,000",75,0,2006,, ,29.25,10,117,충정로대우디오빌,,,11410,서대문구,합동, 
20150627,"5,000",135,0,2007,, ,86.17,4,340-27,현대싱그런,,,11410,서대문구,연희동, 
20150629,"3,000",30,0,2002,, ,19.44,2,122-3,정연 지오빌,,,11410,서대문구,연희동, 
20150702,"6,000",0,0,2004,, ,19.25,8,78-4,시아 루비움,,,11410,서대문구,연희동, 
20150702,"27,000",0,0,2006,, ,58.53,4,117,충정로대우디오빌,,,11410,서대문구,합동, 
20150708,"10,000",15,0,2006,, ,22.61,10,190,쎄미앙 오피스텔,,,11410,서대문구,미근동, 
20150708,"2,500",40,0,2005,, ,16.83,9,218-1,연희체스트빌,,,11410,서대문구,연희동, 
20150711,"3,000",40,0,2003,15.08~16.08,신규,22.23,2,88-11,정연지오빌ll,,,11410,서대문구,연희동, 
20150714,"2,000",37,0,2003,, ,23.97,3,353-4,(353-4),,,11410,서대문구,남가좌동, 
20150716,"1,000",60,0,2015,, ,18.98,5,90-58,(90-58),,,11410,서대문구,대현동, 
20150717,"1,000",48,0,2002,, ,20.39,5,121-4,오벨리스크,,,11410,서대문구,연희동, 
20150720,"10,500",0,0,2004,, ,22.54,6,103-6,라이온스톤,,,11410,서대문구,연희동, 
20150728,"1,000",60,0,2003,, ,22.23,3,88-11,정연지오빌ll,,,11410,서대문구,연희동, 
20150805,"4,000",55,0,2009,, ,25.35,18,192,서대문 디오빌 오피스텔,,,11410,서대문구,충정로2가, 
20150807,"3,000",30,0,2004,, ,19.25,3,78-4,시아 루비움,,,11410,서대문구,연희동, 
20150812,"18,000",0,0,2009,, ,35.53,15,192,서대문 디오빌 오피스텔,,,11410,서대문구,충정로2가, 
20150813,"16,500",0,0,2006,, ,29.26,2,117,충정로대우디오빌,,,11410,서대문구,합동, 
20150815,"14,000",0,0,2015,, ,20.3,3,56-119,SONG'S 8,,,11410,서대문구,대현동, 
20150817,"1,000",60,0,2015,, ,18.98,6,90-58,(90-58),,,11410,서대문구,대현동, 
20150817,500,71,0,2015,, ,19.8,9,56-119,SONG'S 8,,,11410,서대문구,대현동, 
20150822,"10,000",13,0,2006,, ,22.61,9,190,쎄미앙 오피스텔,,,11410,서대문구,미근동, 
20150828,"17,500",0,0,2009,, ,56.12,5,165-2,코지펠리스,,,11410,서대문구,홍은동, 
20150829,"4,000",60,0,2005,, ,26.64,11,27-20,신촌가이아,,,11410,서대문구,대현동, 
20150902,"15,000",0,0,2005,, ,31.41,6,29-81,신촌 르메이에르타운5,,,11410,서대문구,창천동, 
20150912,"1,000",93,0,2014,, ,29.45,6,104-36,신촌자이엘라,,,11410,서대문구,대현동, 
20150912,"2,000",63,0,2009,, ,56.12,2,165-2,코지펠리스,,,11410,서대문구,홍은동, 
20150915,"8,500",0,0,2015,, ,14.5,6,90-41,(90-41),,,11410,서대문구,대현동, 
20150916,"13,500",0,0,2015,, ,18.98,7,90-58,(90-58),,,11410,서대문구,대현동, 
20150916,500,50,0,2003,, ,15.94,7,80-7,파라다이스텔에스비,,,11410,서대문구,연희동, 
20150917,"2,000",55,0,2004,, ,19.81,6,103-6,라이온스톤,,,11410,서대문구,연희동, 
20150918,"9,500",30,0,2015,, ,20.3,4,56-119,SONG'S 8,,,11410,서대문구,대현동, 
20150925,"12,000",0,0,2003,, ,25.53,3,88-11,정연지오빌ll,,,11410,서대문구,연희동, 
20150925,"1,000",63,0,2004,, ,28.5,6,20-41,아남오피스텔,,,11410,서대문구,창천동, 
20151003,"8,000",0,0,2005,, ,16.83,2,218-1,연희체스트빌,,,11410,서대문구,연희동, 
20151003,"18,500",0,0,2009,, ,35.53,11,192,서대문 디오빌 오피스텔,,,11410,서대문구,충정로2가, 
20151003,"7,000",0,0,2004,, ,21.75,8,343-1,선정오피스텔,,,11410,서대문구,북가좌동, 
20151009,"6,500",0,0,2002,, ,20.39,6,121-4,오벨리스크,,,11410,서대문구,연희동, 
20151010,"14,500",0,0,2009,, ,25.35,11,192,서대문 디오빌 오피스텔,,,11410,서대문구,충정로2가, 
20151014,"6,000",45,0,2009,, ,25.35,18,192,서대문 디오빌 오피스텔,,,11410,서대문구,충정로2가, 
20151015,"5,000",30,0,2004,, ,22.11,9,490,홍익사랑,,,11410,서대문구,창천동, 
20151024,"17,500",0,0,2006,, ,29.25,12,117,충정로대우디오빌,,,11410,서대문구,합동, 
20151028,"8,000",0,0,2002,, ,20.67,7,100-15,브라운 힐,,,11410,서대문구,연희동, 
20151028,"20,000",50,0,2006,, ,61.22,11,117,충정로대우디오빌,,,11410,서대문구,합동, 
20151103,"15,000",0,0,2009,, ,56.12,7,165-2,코지펠리스,,,11410,서대문구,홍은동, 
20151111,"1,000",40,0,2002,, ,25.73,2,76-24,(76-24),,,11410,서대문구,연희동, 
20151116,"10,000",5,0,2006,, ,22.61,8,190,쎄미앙 오피스텔,,,11410,서대문구,미근동, 
20151117,"14,500",0,0,2009,, ,25.35,12,192,서대문 디오빌 오피스텔,,,11410,서대문구,충정로2가, 
20151118,"5,000",70,0,2014,, ,29.64,5,104-36,신촌자이엘라,,,11410,서대문구,대현동, 
20151119,"1,000",90,0,2014,, ,29.62,3,104-36,신촌자이엘라,,,11410,서대문구,대현동, 
20151121,500,72,0,2006,, ,29.26,15,117,충정로대우디오빌,,,11410,서대문구,합동, 
20151122,"5,000",70,0,2014,, ,29.62,3,104-36,신촌자이엘라,,,11410,서대문구,대현동, 
20151124,"26,000",0,0,2009,, ,81.24,3,164,천지인에이동,,,11410,서대문구,홍은동, 
20151124,"5,000",50,0,2007,, ,28.79,4,194-30,브라운스톤 연희,,,11410,서대문구,연희동, 
20151205,"21,500",0,0,2014,, ,29.62,11,104-36,신촌자이엘라,,,11410,서대문구,대현동, 
20151205,"17,000",0,0,2006,, ,29.25,2,117,충정로대우디오빌,,,11410,서대문구,합동, 
20151209,"3,000",60,0,2009,, ,25.35,7,192,서대문 디오빌 오피스텔,,,11410,서대문구,충정로2가, 
20151211,"18,000",0,0,2009,, ,56.12,8,165-2,코지펠리스,,,11410,서대문구,홍은동, 
20151219,"9,000",0,0,2005,, ,19.01,4,103-7,스페이스엠,,,11410,서대문구,연희동, 
20151223,500,50,0,2003,, ,15.94,6,80-7,파라다이스텔에스비,,,11410,서대문구,연희동, 
20151224,"40,000",0,0,2007,, ,116.81,7,194-30,브라운스톤 연희,,,11410,서대문구,연희동, 
20151228,500,55,0,2003,, ,19.24,3,80-7,파라다이스텔에스비,,,11410,서대문구,연희동, 
20151231,"10,500",10,0,2006,, ,22.61,10,190,쎄미앙 오피스텔,,,11410,서대문구,미근동, 
20151231,"1,000",65,0,2004,, ,19.26,6,97-64,경선파인 오피스텔,,,11410,서대문구,창천동, 
20160103,"10,000",10,0,2006,, ,22.61,10,190,쎄미앙 오피스텔,,,11410,서대문구,미근동, 
20160105,500,45,0,2002,, ,20.39,5,121-4,오벨리스크,,,11410,서대문구,연희동, 
20160106,500,50,0,2001,, ,16.2,2,212-2,연희소프트빌,,,11410,서대문구,연희동, 
20160109,"5,000",50,0,2005,, ,24.92,12,29-81,신촌 르메이에르타운5,,,11410,서대문구,창천동, 
20160112,"5,000",50,0,2009,, ,25.35,17,192,서대문 디오빌 오피스텔,,,11410,서대문구,충정로2가, 
20160118,"15,000",25,0,2014,, ,25.76,16,104-5,신촌푸르지오시티,,,11410,서대문구,대현동, 
20160120,"8,500",0,0,2005,, ,19.01,2,103-7,스페이스엠,,,11410,서대문구,연희동, 
20160121,"5,000",0,0,2003,, ,17.34,1,396-25,동림오벨리스크,,,11410,서대문구,홍은동, 
20160123,"1,000",70,0,2009,, ,25.35,9,192,서대문 디오빌 오피스텔,,,11410,서대문구,충정로2가, 
20160129,"9,000",0,0,2005,, ,19.01,4,103-7,스페이스엠,,,11410,서대문구,연희동, 
20160202,500,50,0,2003,, ,15.94,9,80-7,파라다이스텔에스비,,,11410,서대문구,연희동, 
20160204,"9,000",0,0,2001,, ,16.2,9,212-2,연희소프트빌,,,11410,서대문구,연희동, 
20160204,"10,000",50,0,2014,, ,27.66,10,104-5,신촌푸르지오시티,,,11410,서대문구,대현동, 
20160212,"44,000",0,0,2007,, ,132.63,10,194-30,브라운스톤 연희,,,11410,서대문구,연희동, 
20160215,"2,000",65,0,2005,, ,26.64,6,27-20,신촌가이아,,,11410,서대문구,대현동, 
20160216,500,47,0,2002,, ,20.72,7,100-15,브라운 힐,,,11410,서대문구,연희동, 
20160218,"33,500",0,0,2007,, ,86.17,9,340-27,현대싱그런,,,11410,서대문구,연희동, 
20160223,"1,000",70,0,2005,, ,22.74,7,27-20,신촌가이아,,,11410,서대문구,대현동, 
20160227,"18,500",0,0,2006,, ,29.25,3,117,충정로대우디오빌,,,11410,서대문구,합동, 
20160227,"5,000",50,0,2005,, ,26.34,14,29-81,신촌 르메이에르타운5,,,11410,서대문구,창천동, 
20160305,"16,500",0,0,2009,, ,25.35,5,192,서대문 디오빌 오피스텔,,,11410,서대문구,충정로2가, 
20160306,"9,500",15,0,2006,, ,22.61,3,190,쎄미앙 오피스텔,,,11410,서대문구,미근동, 
20160310,"35,000",0,0,2007,, ,86.17,10,340-27,현대싱그런,,,11410,서대문구,연희동, 
20160316,"10,000",0,0,2002,, ,20.39,2,121-4,오벨리스크,,,11410,서대문구,연희동, 
20160322,"9,800",17,0,2006,, ,22.61,4,190,쎄미앙 오피스텔,,,11410,서대문구,미근동, 
20160323,"38,000",0,0,2007,, ,115.53,8,340-27,현대싱그런,,,11410,서대문구,연희동, 
20160324,"8,000",0,0,2003,16.04~18.04,신규,15.94,3,80-7,파라다이스텔에스비,,,11410,서대문구,연희동, 
20160328,"5,000",50,0,2009,, ,25.35,4,192,서대문 디오빌 오피스텔,,,11410,서대문구,충정로2가, 
20160330,"2,000",20,0,2003,, ,17.34,1,396-25,동림오벨리스크,,,11410,서대문구,홍은동, 
20160331,"14,500",0,0,2009,, ,25.35,7,192,서대문 디오빌 오피스텔,,,11410,서대문구,충정로2가, 
20160405,"7,000",42,0,2009,, ,25.35,12,192,서대문 디오빌 오피스텔,,,11410,서대문구,충정로2가, 
20160406,"10,000",0,0,2002,, ,22.9,2,92-7,창천오피스텔,,,11410,서대문구,창천동, 
20160413,"35,000",0,0,2007,, ,86.17,5,340-27,현대싱그런,,,11410,서대문구,연희동, 
20160414,"5,000",50,0,2009,, ,25.35,4,192,서대문 디오빌 오피스텔,,,11410,서대문구,충정로2가, 
20160414,"7,000",42,0,2009,, ,25.35,12,192,서대문 디오빌 오피스텔,,,11410,서대문구,충정로2가, 
20160422,"1,000",45,0,2004,, ,17.16,3,78-4,시아 루비움,,,11410,서대문구,연희동, 
20160423,"1,000",70,0,2009,, ,25.35,10,192,서대문 디오빌 오피스텔,,,11410,서대문구,충정로2가, 
20160425,"4,000",30,0,2003,, ,22.23,6,88-11,정연지오빌ll,,,11410,서대문구,연희동, 
20160427,"18,500",0,0,2006,, ,29.25,9,117,충정로대우디오빌,,,11410,서대문구,합동, 
20160427,"31,000",0,0,2007,, ,86.17,1,340-27,현대싱그런,,,11410,서대문구,연희동, 
20160505,"7,000",42,0,2009,, ,25.35,12,192,서대문 디오빌 오피스텔,,,11410,서대문구,충정로2가, 
20160509,"1,000",65,0,2004,, ,24.29,8,45-5,이화인비따레오피스텔,,,11410,서대문구,대현동, 
20160512,"15,000",0,0,2009,, ,25.35,15,192,서대문 디오빌 오피스텔,,,11410,서대문구,충정로2가, 
20160516,"29,000",0,0,2006,, ,61.73,7,117,충정로대우디오빌,,,11410,서대문구,합동, 
20160517,"7,000",40,0,2009,, ,25.35,5,192,서대문 디오빌 오피스텔,,,11410,서대문구,충정로2가, 
20160517,"17,000",0,0,2009,, ,25.35,11,192,서대문 디오빌 오피스텔,,,11410,서대문구,충정로2가, 
20160517,"1,000",50,0,2005,, ,19.01,1,103-7,스페이스엠,,,11410,서대문구,연희동, 
20160527,"7,000",40,0,2009,, ,25.35,16,192,서대문 디오빌 오피스텔,,,11410,서대문구,충정로2가, 
20160527,"1,000",70,0,2009,, ,25.35,14,192,서대문 디오빌 오피스텔,,,11410,서대문구,충정로2가, 
20160531,"1,000",90,0,2014,, ,25.76,17,104-5,신촌푸르지오시티,,,11410,서대문구,대현동, 
20160603,"5,000",45,0,2009,, ,22.72,19,192,서대문 디오빌 오피스텔,,,11410,서대문구,충정로2가, 
20160607,"5,000",50,0,2009,, ,25.35,4,192,서대문 디오빌 오피스텔,,,11410,서대문구,충정로2가, 
20160611,"23,000",0,0,2016,, ,55.72,3,392-5,미다스,,,11410,서대문구,북가좌동, 
20160613,"1,000",75,0,2006,, ,29.25,4,117,충정로대우디오빌,,,11410,서대문구,합동, 
20160620,"7,000",0,0,2002,, ,14.11,2,92-7,창천오피스텔,,,11410,서대문구,창천동, 
20160622,"1,000",65,0,2004,, ,24.29,9,45-5,이화인비따레오피스텔,,,11410,서대문구,대현동, 
20160625,"1,000",65,0,2004,, ,19.38,5,97-64,경선파인 오피스텔,,,11410,서대문구,창천동, 
20160625,"1,000",50,0,2004,, ,19.25,6,78-4,시아 루비움,,,11410,서대문구,연희동, 
20160628,"7,500",0,0,2009,, ,25.35,17,192,서대문 디오빌 오피스텔,,,11410,서대문구,충정로2가, 
20160630,"11,000",0,0,2003,, ,22.23,5,88-11,정연지오빌ll,,,11410,서대문구,연희동, 
20160704,"8,000",0,0,2003,16.08~18.08,신규,15.94,3,80-7,파라다이스텔에스비,,,11410,서대문구,연희동, 
20160709,"2,000",50,0,2002,, ,20.39,3,121-4,오벨리스크,,,11410,서대문구,연희동, 
20160710,"1,000",60,0,2015,, ,18.98,4,90-58,(90-58),,,11410,서대문구,대현동, 
20160718,"1,000",45,0,2003,, ,26.66,1,413-126,(413-126),,,11410,서대문구,연희동, 
20160718,"5,000",50,0,2009,, ,25.35,3,192,서대문 디오빌 오피스텔,,,11410,서대문구,충정로2가, 
20160719,"1,000",140,0,2005,, ,61.23,14,116,SK리쳄블,,,11410,서대문구,합동, 
20160720,"15,000",20,0,2005,, ,34.22,5,116,SK리쳄블,,,11410,서대문구,합동, 
20160721,"19,500",0,0,2006,, ,29.25,14,117,충정로대우디오빌,,,11410,서대문구,합동, 
20160721,"1,000",55,0,2005,, ,16.83,7,218-1,연희체스트빌,,,11410,서대문구,연희동, 
20160726,"7,000",40,0,2009,, ,25.35,5,192,서대문 디오빌 오피스텔,,,11410,서대문구,충정로2가, 
20160803,"20,000",0,0,2005,, ,41.57,4,116,SK리쳄블,,,11410,서대문구,합동, 
20160808,"1,000",80,0,2005,, ,31.41,9,29-81,신촌 르메이에르타운5,,,11410,서대문구,창천동, 
20160809,"1,000",70,0,2006,, ,28.5,8,20-51,신영스카이텔,,,11410,서대문구,창천동, 
20160810,"20,000",0,0,2009,, ,56.12,5,165-2,코지펠리스,,,11410,서대문구,홍은동, 
20160813,"1,000",40,0,2004,, ,21.75,10,343-1,선정오피스텔,,,11410,서대문구,북가좌동, 
20160818,"9,500",0,0,2003,, ,18.9,4,188-57,(188-57),,,11410,서대문구,연희동, 
20160821,"29,000",0,0,2006,, ,59.02,15,117,충정로대우디오빌,,,11410,서대문구,합동, 
20160826,500,55,0,2003,, ,15.94,6,80-7,파라다이스텔에스비,,,11410,서대문구,연희동, 
20160826,"35,000",0,0,2007,, ,86.17,8,340-27,현대싱그런,,,11410,서대문구,연희동, 
20160826,"11,000",0,0,2006,, ,42.66,2,169-3,드리밍 아파트,,,11410,서대문구,연희동, 
20160902,"1,000",65,0,2004,, ,19.81,6,103-6,라이온스톤,,,11410,서대문구,연희동, 
20160902,"10,500",0,0,2004,, ,19.81,2,103-6,라이온스톤,,,11410,서대문구,연희동, 
20160903,500,50,0,2001,, ,16.2,8,212-2,연희소프트빌,,,11410,서대문구,연희동, 
20160907,"1,000",70,0,2009,, ,25.35,10,192,서대문 디오빌 오피스텔,,,11410,서대문구,충정로2가, 
20160909,"5,500",0,0,2003,, ,22.2,2,446-270,(446-270),,,11410,서대문구,연희동, 
20160911,500,68,0,2004,, ,24.29,8,45-5,이화인비따레오피스텔,,,11410,서대문구,대현동, 
20160923,"18,000",0,0,2009,, ,56.12,3,165-2,코지펠리스,,,11410,서대문구,홍은동, 
20160927,"2,000",86,0,2005,, ,41.57,7,116,SK리쳄블,,,11410,서대문구,합동, 
20160928,"14,000",25,0,2009,, ,35.53,11,192,서대문 디오빌 오피스텔,,,11410,서대문구,충정로2가, 
20160930,"1,000",50,0,2002,, ,20.39,3,121-4,오벨리스크,,,11410,서대문구,연희동, 
20161004,"46,000",0,0,2007,, ,132.63,10,194-30,브라운스톤 연희,,,11410,서대문구,연희동, 
20161008,"15,000",40,0,2014,16.12~17.12,신규,27.61,9,104-36,신촌자이엘라,,,11410,서대문구,대현동, 
20161008,"13,500",0,0,2004,, ,29.56,4,465,충정리시온,,,11410,서대문구,충정로3가, 
20161017,"7,000",45,0,2009,, ,25.35,15,192,서대문 디오빌 오피스텔,,,11410,서대문구,충정로2가, 
20161021,"18,000",60,0,2006,, ,58.53,5,117,충정로대우디오빌,,,11410,서대문구,합동, 
20161022,"1,000",70,0,2009,, ,25.35,13,192,서대문 디오빌 오피스텔,,,11410,서대문구,충정로2가, 
20161023,"10,000",17,0,2006,, ,22.61,8,190,쎄미앙 오피스텔,,,11410,서대문구,미근동, 
20161024,"19,000",0,0,2009,, ,56.12,8,165-2,코지펠리스,,,11410,서대문구,홍은동, 
20161025,"22,500",0,0,2014,, ,29.62,12,104-36,신촌자이엘라,,,11410,서대문구,대현동, 
20161029,"14,000",0,0,2006,, ,57.15,2,169-3,드리밍 아파트,,,11410,서대문구,연희동, 
20161103,"7,500",40,0,2009,, ,25.35,11,192,서대문 디오빌 오피스텔,,,11410,서대문구,충정로2가, 
20161110,"31,000",0,0,2007,, ,64.41,9,194-30,브라운스톤 연희,,,11410,서대문구,연희동, 
20161114,"5,000",80,0,2005,, ,41.08,5,116,SK리쳄블,,,11410,서대문구,합동, 
20161115,"3,000",120,0,2007,, ,85.25,1,340-27,현대싱그런,,,11410,서대문구,연희동, 
20161116,"15,000",60,0,2006,, ,58.53,10,117,충정로대우디오빌,,,11410,서대문구,합동, 
20161122,"18,500",0,0,2006,, ,29.25,10,117,충정로대우디오빌,,,11410,서대문구,합동, 
20161122,"1,000",70,0,2006,, ,30.86,9,117,충정로대우디오빌,,,11410,서대문구,합동, 
20161122,"3,000",50,0,2004,, ,29.56,4,465,충정리시온,,,11410,서대문구,충정로3가, 
20161125,"8,000",0,0,2003,, ,26.03,3,136-7,(136-7),,,11410,서대문구,연희동, 
20161128,500,47,0,2002,, ,20.67,2,100-15,브라운 힐,,,11410,서대문구,연희동, 
20161208,"1,000",95,0,2005,, ,41.57,16,116,SK리쳄블,,,11410,서대문구,합동, 
20161208,"1,000",90,0,2014,, ,29.62,6,104-36,신촌자이엘라,,,11410,서대문구,대현동, 
20161208,"23,000",0,0,2005,, ,41.08,14,116,SK리쳄블,,,11410,서대문구,합동, 
20161212,"18,200",0,0,2009,, ,56.12,2,165-2,코지펠리스,,,11410,서대문구,홍은동, 
20161216,"2,000",150,0,2007,, ,89.73,1,340-27,현대싱그런,,,11410,서대문구,연희동, 
20161223,"19,000",0,0,2009,, ,56.12,2,165-2,코지펠리스,,,11410,서대문구,홍은동, 
20161223,"10,000",17,0,2006,, ,22.61,10,190,쎄미앙 오피스텔,,,11410,서대문구,미근동, 
20161226,"14,000",15,0,2009,, ,25.35,10,192,서대문 디오빌 오피스텔,,,11410,서대문구,충정로2가, 
20161226,"14,000",15,0,2009,, ,25.35,10,192,서대문 디오빌 오피스텔,,,11410,서대문구,충정로2가, 
20161228,"8,000",0,0,2003,, ,21.42,4,396-25,동림오벨리스크,,,11410,서대문구,홍은동, 
20170111,"7,000",40,0,2009,, ,25.35,5,192,서대문 디오빌 오피스텔,,,11410,서대문구,충정로2가, 
20170112,"10,000",19,0,2006,, ,22.61,4,190,쎄미앙 오피스텔,,,11410,서대문구,미근동, 
20170113,"2,000",80,0,2014,, ,27.61,8,104-36,신촌자이엘라,,,11410,서대문구,대현동, 
20170113,"9,000",0,0,2005,, ,19.01,5,103-7,스페이스엠,,,11410,서대문구,연희동, 
20170114,"22,000",0,0,2014,, ,29.62,5,104-36,신촌자이엘라,,,11410,서대문구,대현동, 
20170114,"10,300",17,0,2006,, ,22.61,6,190,쎄미앙 오피스텔,,,11410,서대문구,미근동, 
20170117,"23,000",0,0,2009,, ,56.12,10,165-2,코지펠리스,,,11410,서대문구,홍은동, 
20170125,500,45,0,2002,, ,13.33,5,92-7,창천오피스텔,,,11410,서대문구,창천동, 
20170131,"26,000",0,0,2007,, ,89.73,2,340-27,현대싱그런,,,11410,서대문구,연희동, 
20170131,"3,000",60,0,2009,, ,25.35,6,192,서대문 디오빌 오피스텔,,,11410,서대문구,충정로2가, 
20170201,"10,000",50,0,2014,, ,25.76,18,104-5,신촌푸르지오시티,,,11410,서대문구,대현동, 
20170202,"10,000",120,0,2007,, ,114.15,3,340-27,현대싱그런,,,11410,서대문구,연희동, 
20170203,"1,000",65,0,2004,, ,20.52,6,97-64,경선파인 오피스텔,,,11410,서대문구,창천동, 
20170204,500,45,0,2002,, ,13.33,6,92-7,창천오피스텔,,,11410,서대문구,창천동, 
20170205,"1,000",65,0,2004,, ,22.08,9,45-5,이화인비따레오피스텔,,,11410,서대문구,대현동, 
20170206,"16,000",0,0,2015,, ,18.98,6,90-58,(90-58),,,11410,서대문구,대현동, 
20170210,"36,000",0,0,2007,, ,115.53,5,340-27,현대싱그런,,,11410,서대문구,연희동, 
20170222,"17,500",0,0,2009,, ,25.35,8,192,서대문 디오빌 오피스텔,,,11410,서대문구,충정로2가, 
20170224,"21,000",0,0,2003,, ,98.61,2,274-99,홍은그린아파트,,,11410,서대문구,홍은동, 
20170227,"5,000",55,0,2009,, ,56.12,3,165-2,코지펠리스,,,11410,서대문구,홍은동, 
20170302,"9,800",18,0,2006,, ,19.4,2,190,쎄미앙 오피스텔,,,11410,서대문구,미근동, 
20170304,"17,500",0,0,2009,, ,25.35,6,192,서대문 디오빌 오피스텔,,,11410,서대문구,충정로2가, 
20170305,"9,500",18,0,2006,, ,22.61,3,190,쎄미앙 오피스텔,,,11410,서대문구,미근동, 
20170307,"10,000",40,0,2006,, ,29.26,5,117,충정로대우디오빌,,,11410,서대문구,합동, 
20170311,"5,000",75,0,2005,, ,41.57,11,116,SK리쳄블,,,11410,서대문구,합동, 
20170315,"5,000",30,0,2005,, ,19.01,4,103-7,스페이스엠,,,11410,서대문구,연희동, 
20170318,"3,000",70,0,2009,, ,35.53,14,192,서대문 디오빌 오피스텔,,,11410,서대문구,충정로2가, 
20170322,"9,800",21,0,2006,, ,22.61,4,190,쎄미앙 오피스텔,,,11410,서대문구,미근동, 
20170327,"17,000",0,0,2007,, ,28.79,5,194-30,브라운스톤 연희,,,11410,서대문구,연희동, 
20170329,500,85,0,2005,, ,34.22,4,116,SK리쳄블,,,11410,서대문구,합동, 
20170404,"1,000",50,0,2002,, ,25.73,7,76-24,(76-24),,,11410,서대문구,연희동, 
20170406,"20,000",0,0,2006,, ,29.26,3,117,충정로대우디오빌,,,11410,서대문구,합동, 
20170408,"6,000",47,0,2009,, ,25.35,12,192,서대문 디오빌 오피스텔,,,11410,서대문구,충정로2가, 
20170409,"9,800",21,0,2006,, ,22.61,5,190,쎄미앙 오피스텔,,,11410,서대문구,미근동, 
20170415,"21,000",0,0,2014,, ,28.43,21,104-5,신촌푸르지오시티,,,11410,서대문구,대현동, 
20170417,"5,000",50,0,2009,, ,25.35,9,192,서대문 디오빌 오피스텔,,,11410,서대문구,충정로2가, 
20170421,"40,000",80,0,2007,, ,156.24,11,194-30,브라운스톤 연희,,,11410,서대문구,연희동, 
20170422,"7,000",0,0,2001,, ,16.2,5,212-2,연희소프트빌,,,11410,서대문구,연희동, 
20170424,"1,000",60,0,2004,, ,19.04,4,188-3,(188-3),,,11410,서대문구,연희동, 
20170426,"5,000",130,0,2007,, ,86.17,7,340-27,현대싱그런,,,11410,서대문구,연희동, 
20170502,"9,800",20,0,2006,, ,22.61,2,190,쎄미앙 오피스텔,,,11410,서대문구,미근동, 
20170505,"24,000",0,0,2005,, ,41.57,11,116,SK리쳄블,,,11410,서대문구,합동, 
20170508,"20,500",0,0,2009,, ,56.12,10,165-2,코지펠리스,,,11410,서대문구,홍은동, 
20170515,"10,000",21,0,2006,, ,22.61,7,190,쎄미앙 오피스텔,,,11410,서대문구,미근동, 
20170516,"1,000",80,0,2014,, ,26.75,18,104-5,신촌푸르지오시티,,,11410,서대문구,대현동, 
20170520,"10,000",0,0,2004,17.06~19.06,신규,23.76,4,45-5,이화인비따레오피스텔,,,11410,서대문구,대현동, 
20170526,"3,000",30,0,2004,, ,17.16,4,78-4,시아 루비움,,,11410,서대문구,연희동, 
20170526,"3,000",65,0,2015,, ,20.3,3,56-119,SONG'S 8,,,11410,서대문구,대현동, 
20170527,"22,000",0,0,2005,, ,34.22,15,116,SK리쳄블,,,11410,서대문구,합동, 
20170527,"9,000",45,0,2014,, ,25.76,19,104-5,신촌푸르지오시티,,,11410,서대문구,대현동, 
20170605,200,62,0,2005,, ,16.83,8,218-1,연희체스트빌,,,11410,서대문구,연희동, 
20170606,"19,500",0,0,2005,, ,34.22,12,116,SK리쳄블,,,11410,서대문구,합동, 
20170609,"20,000",0,0,2014,, ,27.66,11,104-5,신촌푸르지오시티,,,11410,서대문구,대현동, 
20170609,"5,000",50,0,2009,, ,25.35,12,192,서대문 디오빌 오피스텔,,,11410,서대문구,충정로2가, 
20170612,"20,000",50,0,2006,, ,61.22,11,117,충정로대우디오빌,,,11410,서대문구,합동, 
20170614,"20,500",0,0,2009,, ,56.12,8,165-2,코지펠리스,,,11410,서대문구,홍은동, 
20170615,"11,000",0,0,2004,, ,22.11,7,490,홍익사랑,,,11410,서대문구,창천동, 
20170621,"4,500",0,0,2003,, ,15.84,3,446-270,(446-270),,,11410,서대문구,연희동, 
20170628,"2,000",80,0,2004,, ,27.31,2,97-64,경선파인 오피스텔,,,11410,서대문구,창천동, 
20170630,"1,000",95,0,2005,17.07~18.07,신규,41.57,13,116,SK리쳄블,,,11410,서대문구,합동, 
20170701,"2,000",130,0,2006,, ,61.22,15,117,충정로대우디오빌,,,11410,서대문구,합동, 
20170701,"33,000",0,0,2007,, ,86.17,3,340-27,현대싱그런,,,11410,서대문구,연희동, 
20170704,"1,000",90,0,2005,, ,41.57,7,116,SK리쳄블,,,11410,서대문구,합동, 
20170705,"7,000",43,0,2009,, ,25.35,16,192,서대문 디오빌 오피스텔,,,11410,서대문구,충정로2가, 
20170714,"1,000",90,0,2014,, ,29.62,8,104-36,신촌자이엘라,,,11410,서대문구,대현동, 
20170717,"17,500",0,0,2009,, ,25.35,9,192,서대문 디오빌 오피스텔,,,11410,서대문구,충정로2가, 
20170720,"10,000",0,0,2003,, ,19.94,2,188-57,(188-57),,,11410,서대문구,연희동, 
20170722,"3,000",70,0,2004,, ,20.52,3,97-64,경선파인 오피스텔,,,11410,서대문구,창천동, 
20170724,"10,000",0,0,2003,, ,19.94,4,188-57,(188-57),,,11410,서대문구,연희동, 
20170725,"1,000",58,0,2003,, ,18.9,3,188-57,(188-57),,,11410,서대문구,연희동, 
20170802,500,44,0,2004,, ,22.68,4,328-19,엘림오피스텔,,,11410,서대문구,남가좌동, 
20170812,"20,000",0,0,2014,, ,27.4,18,104-5,신촌푸르지오시티,,,11410,서대문구,대현동, 
20170817,"1,000",50,0,2002,, ,25.73,4,76-24,(76-24),,,11410,서대문구,연희동, 
20170818,"9,000",25,0,2003,, ,25.04,6,136-7,(136-7),,,11410,서대문구,연희동, 
20170818,500,60,0,2005,, ,19.01,6,103-7,스페이스엠,,,11410,서대문구,연희동, 
20170819,"14,000",20,0,2014,, ,25.76,19,104-5,신촌푸르지오시티,,,11410,서대문구,대현동, 
20170824,"8,000",15,0,2002,, ,25.73,6,76-24,(76-24),,,11410,서대문구,연희동, 
20170824,"3,000",55,0,2015,, ,18.27,5,90-58,(90-58),,,11410,서대문구,대현동, 
20170824,"2,000",50,0,2005,, ,19.01,3,103-7,스페이스엠,,,11410,서대문구,연희동, 
20170825,"1,000",70,0,1991,, ,22.91,5,343,(343),,,11410,서대문구,연희동, 
20170904,"10,000",90,0,2006,, ,61.73,4,117,충정로대우디오빌,,,11410,서대문구,합동, 
20170906,"1,000",95,0,2005,, ,41.08,5,116,SK리쳄블,,,11410,서대문구,합동, 
20170908,"18,300",0,0,2009,, ,56.12,7,165-2,코지펠리스,,,11410,서대문구,홍은동, 
20170908,"4,000",50,0,2004,, ,28.5,10,20-41,아남오피스텔,,,11410,서대문구,창천동, 
20170915,"20,500",0,0,2014,, ,27.4,7,104-5,신촌푸르지오시티,,,11410,서대문구,대현동, 
20170916,"5,000",40,0,2006,, ,19.4,10,190,쎄미앙 오피스텔,,,11410,서대문구,미근동, 
20170919,"12,000",0,0,2003,, ,26.03,5,136-7,(136-7),,,11410,서대문구,연희동, 
20170923,"18,500",0,0,2009,, ,28.82,14,192,서대문 디오빌 오피스텔,,,11410,서대문구,충정로2가, 
20170929,"1,000",40,0,2004,, ,21.75,10,343-1,선정오피스텔,,,11410,서대문구,북가좌동, 
20170930,"3,000",45,0,2017,, ,15.06,5,90-44,이대프리젠#2,,,11410,서대문구,대현동, 
20171010,"14,000",0,0,2003,, ,25.04,5,136-7,(136-7),,,11410,서대문구,연희동, 
20171013,"18,000",0,0,2006,, ,58.53,5,117,충정로대우디오빌,,,11410,서대문구,합동, 
20171021,"1,000",45,0,2002,, ,20.39,2,121-4,오벨리스크,,,11410,서대문구,연희동, 
20171024,"1,000",63,0,2017,, ,16.03,5,37-30,이대프리젠#1,,,11410,서대문구,대현동, 
20171024,"8,000",13,0,2005,, ,19.01,5,103-7,스페이스엠,,,11410,서대문구,연희동, 
20171024,"8,000",13,0,2005,, ,19.01,5,103-7,스페이스엠,,,11410,서대문구,연희동, 
20171024,"8,000",13,0,2005,, ,19.01,5,103-7,스페이스엠,,,11410,서대문구,연희동, 
20171027,"25,000",27,0,2007,, ,89.73,1,340-27,현대싱그런,,,11410,서대문구,연희동, 
20171027,"40,000",0,0,2007,, ,115.53,5,340-27,현대싱그런,,,11410,서대문구,연희동, 
20171028,"13,000",0,0,2017,, ,16.03,5,37-30,이대프리젠#1,,,11410,서대문구,대현동, 
20171102,"13,000",0,0,2004,, ,24.7,4,465,충정리시온,,,11410,서대문구,충정로3가, 
20171113,"21,000",0,0,2006,, ,29.26,7,117,충정로대우디오빌,,,11410,서대문구,합동, 
20171113,"1,000",95,0,2005,, ,41.57,16,116,SK리쳄블,,,11410,서대문구,합동, 
20171114,"10,500",0,0,2006,, ,19.4,3,190,쎄미앙 오피스텔,,,11410,서대문구,미근동, 
20171122,"46,000",0,0,2007,, ,132.63,10,194-30,브라운스톤 연희,,,11410,서대문구,연희동, 
20171124,"3,000",45,0,2003,, ,18.9,5,188-57,(188-57),,,11410,서대문구,연희동, 
20171124,"10,000",13,0,2006,, ,22.61,6,190,쎄미앙 오피스텔,,,11410,서대문구,미근동, 
20171125,"15,000",35,0,2014,, ,27.61,9,104-36,신촌자이엘라,,,11410,서대문구,대현동, 
20171126,"1,000",70,0,2006,, ,28.5,15,20-51,신영스카이텔,,,11410,서대문구,창천동, 
20171130,"8,000",0,0,2003,, ,25.04,2,136-7,(136-7),,,11410,서대문구,연희동, 
20171204,"1,000",60,0,2017,, ,20.27,4,37-32,영타운 지웰 에스테이트,,,11410,서대문구,대현동, 
20171206,"1,000",65,0,2017,, ,16.03,4,37-30,이대프리젠#1,,,11410,서대문구,대현동, 
20171207,"9,000",0,0,2002,, ,13.33,5,92-7,창천오피스텔,,,11410,서대문구,창천동, 
20171207,"8,000",0,0,2003,, ,26.03,2,136-7,(136-7),,,11410,서대문구,연희동, 
20171215,"7,000",0,0,2005,, ,19.01,1,103-7,스페이스엠,,,11410,서대문구,연희동, 
20171221,"12,000",10,0,2003,, ,26.03,4,136-7,(136-7),,,11410,서대문구,연희동, 
20171221,"12,000",10,0,2003,, ,26.03,4,136-7,(136-7),,,11410,서대문구,연희동, 
20171228,"13,000",20,0,2009,, ,25.35,5,192,서대문 디오빌 오피스텔,,,11410,서대문구,충정로2가, 
20171228,"13,000",20,0,2009,, ,25.35,5,192,서대문 디오빌 오피스텔,,,11410,서대문구,충정로2가, 
20171229,"1,000",70,0,2017,, ,20.27,5,37-32,영타운 지웰 에스테이트,,,11410,서대문구,대현동, 
20180104,"9,800",19,0,2006,, ,19.4,4,190,쎄미앙 오피스텔,,,11410,서대문구,미근동, 
20180106,"9,800",21,0,2006,, ,22.61,5,190,쎄미앙 오피스텔,,,11410,서대문구,미근동, 
20180106,"3,000",60,0,2009,, ,25.35,4,192,서대문 디오빌 오피스텔,,,11410,서대문구,충정로2가, 
20180110,"3,000",55,0,2017,, ,20.27,7,37-32,영타운 지웰 에스테이트,,,11410,서대문구,대현동, 
20180115,"3,000",58,0,2017,, ,20.37,3,37-32,영타운 지웰 에스테이트,,,11410,서대문구,대현동, 
20180118,"1,000",70,0,2017,18.02~19.02,신규,20.37,9,37-32,영타운 지웰 에스테이트,,,11410,서대문구,대현동, 
20180126,"1,000",55,0,2004,, ,19.08,6,45-5,이화인비따레오피스텔,,,11410,서대문구,대현동, 
20180127,"15,000",0,0,2018,, ,16.62,6,90-42,이대다올노블리움2차,,,11410,서대문구,대현동, 
20180130,"31,000",0,0,2006,, ,61.73,5,117,충정로대우디오빌,,,11410,서대문구,합동, 
20180131,"36,000",0,0,2007,, ,87.59,4,340-27,현대싱그런,,,11410,서대문구,연희동, 
20180201,"8,000",10,0,2005,, ,19.01,3,103-7,스페이스엠,,,11410,서대문구,연희동, 
20180201,"8,000",0,0,2005,, ,19.01,3,103-7,스페이스엠,,,11410,서대문구,연희동, 
20180209,"24,000",0,0,2018,, ,27.42,8,1013,이편한세상신촌,,,11410,서대문구,북아현동, 
20180209,"24,000",0,0,2018,, ,27.42,8,1013,이편한세상신촌,,,11410,서대문구,북아현동, 
20180219,"15,000",0,0,2018,, ,19.21,3,37-24,이대프리젠#4,,,11410,서대문구,대현동, 
20180222,"12,500",0,0,2004,, ,19.81,4,103-6,라이온스톤,,,11410,서대문구,연희동, 
20180222,"15,000",0,0,2018,, ,19.21,6,37-24,이대프리젠#4,,,11410,서대문구,대현동, 
20180223,"1,000",90,0,2018,, ,24.1,6,90-35,이대다올노블리움2차,,,11410,서대문구,대현동, 
20180224,"22,000",0,0,2018,, ,24.1,6,90-42,이대다올노블리움2차,,,11410,서대문구,대현동, 
20180224,"5,000",35,0,2004,, ,19.81,2,103-6,라이온스톤,,,11410,서대문구,연희동, 
20180301,"14,500",0,0,2018,, ,19.9,5,37-24,이대프리젠#4,,,11410,서대문구,대현동, 
20180301,500,50,0,2003,, ,15.94,8,80-7,파라다이스텔에스비,,,11410,서대문구,연희동, 
20180308,"12,000",10,0,2003,, ,26.32,7,136-7,(136-7),,,11410,서대문구,연희동, 
20180310,"9,800",22,0,2006,, ,19.4,8,190,쎄미앙 오피스텔,,,11410,서대문구,미근동, 
20180315,"9,000",0,0,2005,, ,19.01,4,103-7,스페이스엠,,,11410,서대문구,연희동, 
20180317,"10,000",0,0,2001,, ,16.2,5,212-2,연희소프트빌,,,11410,서대문구,연희동, 
20180324,"19,500",0,0,2006,, ,30.86,12,117,충정로대우디오빌,,,11410,서대문구,합동, 
20180326,"5,000",60,0,2009,, ,56.12,3,165-2,코지펠리스,,,11410,서대문구,홍은동, 
20180326,"1,000",70,0,2017,, ,20.27,10,37-32,영타운 지웰 에스테이트,,,11410,서대문구,대현동, 
20180329,"7,000",45,0,2009,, ,25.35,16,192,서대문 디오빌 오피스텔,,,11410,서대문구,충정로2가, 
20180409,500,50,0,2003,, ,19.24,4,80-7,파라다이스텔에스비,,,11410,서대문구,연희동, 
20180418,"32,500",0,0,2006,, ,61.73,4,117,충정로대우디오빌,,,11410,서대문구,합동, 
20180418,"1,000",50,0,2004,18.04~19.04,신규,21.75,9,343-1,선정오피스텔,,,11410,서대문구,북가좌동, 
20180426,"12,000",0,0,2003,, ,26.03,6,136-7,(136-7),,,11410,서대문구,연희동, 
20180426,"12,000",10,0,2003,, ,26.03,6,136-7,(136-7),,,11410,서대문구,연희동, 
20180426,"12,000",35,0,2006,, ,29.26,5,117,충정로대우디오빌,,,11410,서대문구,합동, 
20180427,"8,000",0,0,2003,, ,26.36,4,413-126,(413-126),,,11410,서대문구,연희동, 
20180427,"14,000",0,0,2018,, ,14.46,10,37-15,이대프리젠#3,,,11410,서대문구,대현동, 
20180427,"24,000",0,0,2018,, ,27.42,3,1013,이편한세상신촌,,,11410,서대문구,북아현동, 
20180428,"21,000",0,0,2018,, ,21.43,7,37-15,이대프리젠#3,,,11410,서대문구,대현동, 
20180508,"9,000",0,0,2005,, ,19.01,5,103-7,스페이스엠,,,11410,서대문구,연희동, 
20180511,"1,000",85,0,2018,, ,27.42,11,1013,이편한세상신촌,,,11410,서대문구,북아현동, 
20180511,"19,500",0,0,2018,, ,20.02,3,37-15,이대프리젠#3,,,11410,서대문구,대현동, 
20180515,"1,000",67,0,2004,18.05~19.01, ,28.5,13,20-41,아남오피스텔,,,11410,서대문구,창천동, 
20180516,"35,000",0,0,2007,, ,86.17,8,340-27,현대싱그런,,,11410,서대문구,연희동, 
20180517,"20,000",100,0,2007,, ,115.53,8,340-27,현대싱그런,,,11410,서대문구,연희동, 
20180519,"9,500",21,0,2006,, ,19.4,8,190,쎄미앙 오피스텔,,,11410,서대문구,미근동, 
20180524,"33,000",0,0,2006,, ,61.73,7,117,충정로대우디오빌,,,11410,서대문구,합동, 
20180528,"25,000",0,0,2005,, ,41.57,17,116,SK리쳄블,,,11410,서대문구,합동, 
20180531,100,40,0,2002,, ,19.44,3,122-3,정연 지오빌,,,11410,서대문구,연희동, 
20180610,"30,000",0,0,2006,, ,61.22,2,117,충정로대우디오빌,,,11410,서대문구,합동, 
20180611,"1,000",65,0,2004,, ,28.5,6,20-41,아남오피스텔,,,11410,서대문구,창천동, 
20180616,"10,000",60,0,2005,, ,41.08,15,116,SK리쳄블,,,11410,서대문구,합동, 
20180616,"10,000",30,0,2009,, ,25.35,3,192,서대문 디오빌 오피스텔,,,11410,서대문구,충정로2가, 
20180622,"1,000",80,0,2005,, ,34.22,6,116,SK리쳄블,,,11410,서대문구,합동, 
20180622,"17,000",0,0,2009,, ,25.35,10,192,서대문 디오빌 오피스텔,,,11410,서대문구,충정로2가, 
20180623,"4,000",55,0,2018,, ,18.31,5,56-10,더가온 오피스텔,,,11410,서대문구,대현동, 
20180623,"1,000",70,0,2018,, ,16.98,3,56-10,더가온 오피스텔,,,11410,서대문구,대현동, 
20180626,"1,000",80,0,2018,, ,23.45,11,90-66,MJ더퍼스트이대,,,11410,서대문구,대현동, 
20180627,"20,000",0,0,2018,, ,20.02,7,37-15,이대프리젠#3,,,11410,서대문구,대현동, 
20180703,"15,000",0,0,2018,, ,17.33,8,56-10,더가온 오피스텔,,,11410,서대문구,대현동, 
20180703,"16,000",0,0,2018,, ,17.32,3,56-10,더가온 오피스텔,,,11410,서대문구,대현동, 
20180707,"16,500",0,0,2018,, ,17.33,3,56-10,더가온 오피스텔,,,11410,서대문구,대현동, 
20180712,"12,000",10,0,2003,, ,26.03,5,136-7,(136-7),,,11410,서대문구,연희동, 
20180712,"7,000",0,0,2002,, ,14.11,7,92-7,창천오피스텔,,,11410,서대문구,창천동, 
20180713,"19,000",0,0,2006,, ,30.86,3,117,충정로대우디오빌,,,11410,서대문구,합동, 
20180714,"4,000",50,0,2006,, ,27.14,8,20-51,신영스카이텔,,,11410,서대문구,창천동, 
20180717,"5,000",50,0,2009,, ,25.35,7,192,서대문 디오빌 오피스텔,,,11410,서대문구,충정로2가, 
20180720,"1,000",70,0,2018,, ,16.99,5,56-10,더가온 오피스텔,,,11410,서대문구,대현동, 
20180723,"6,500",0,0,2003,, ,24.48,6,396-25,동림오벨리스크,,,11410,서대문구,홍은동, 
20180803,500,95,0,2014,, ,26.76,19,104-5,신촌푸르지오시티,,,11410,서대문구,대현동, 
20180804,"7,500",0,0,2005,, ,19.01,1,103-7,스페이스엠,,,11410,서대문구,연희동, 
20180806,"15,000",30,0,2005,, ,34.22,5,116,SK리쳄블,,,11410,서대문구,합동, 
20180806,"1,000",100,0,2005,, ,41.08,4,116,SK리쳄블,,,11410,서대문구,합동, 
20180806,"13,500",0,0,2004,, ,19.81,3,103-6,라이온스톤,,,11410,서대문구,연희동, 
20180807,"8,500",0,0,2002,, ,25.73,7,76-24,(76-24),,,11410,서대문구,연희동, 
20180810,"1,000",70,0,2018,18.08~20.08, ,17.6,3,56-10,더가온 오피스텔,,,11410,서대문구,대현동, 
20180811,"17,000",0,0,2018,, ,17.31,14,90-77,유씨유 이대,,,11410,서대문구,대현동, 
20180815,"6,000",0,0,2004,, ,19.25,8,78-4,시아 루비움,,,11410,서대문구,연희동, 
20180818,"1,000",70,0,2005,, ,26.22,12,29-81,신촌 르메이에르타운5,,,11410,서대문구,창천동, 
20180901,"5,000",50,0,2009,, ,25.35,9,192,서대문 디오빌 오피스텔,,,11410,서대문구,충정로2가, 
20180902,"4,500",0,0,2003,, ,15.84,3,446-270,(446-270),,,11410,서대문구,연희동, 
20180908,"20,500",0,0,2006,, ,29.25,14,117,충정로대우디오빌,,,11410,서대문구,합동, 
20180910,"19,000",0,0,2018,, ,27.38,3,274-32,서대문 노블루체,,,11410,서대문구,홍은동, 
20180913,"24,000",0,0,2005,, ,41.57,2,116,SK리쳄블,,,11410,서대문구,합동, 
20180915,"24,000",0,0,2005,, ,41.57,9,116,SK리쳄블,,,11410,서대문구,합동, 
20180927,"1,000",80,0,2018,, ,17.66,13,90-77,유씨유 이대,,,11410,서대문구,대현동, 
20180928,"14,000",0,0,2006,, ,57.15,2,169-3,드리밍 아파트,,,11410,서대문구,연희동, 
20180929,500,55,0,2002,, ,18.5,3,62-48,(62-48),,,11410,서대문구,창천동, 
20180929,"18,300",0,0,2018,, ,17.66,3,90-77,유씨유 이대,,,11410,서대문구,대현동, 
20181002,"9,000",0,0,2004,, ,24.84,9,343-1,선정오피스텔,,,11410,서대문구,북가좌동, 
20181012,"18,000",0,0,2009,, ,25.35,3,192,서대문 디오빌 오피스텔,,,11410,서대문구,충정로2가, 
20181015,"1,000",70,0,2009,, ,25.35,13,192,서대문 디오빌 오피스텔,,,11410,서대문구,충정로2가, 
20181020,"27,000",0,0,2018,, ,46.44,4,382-9,더-아무르,,,11410,서대문구,남가좌동, 
20181023,"17,500",0,0,2018,, ,17.66,10,90-77,유씨유 이대,,,11410,서대문구,대현동, 
20181024,"9,800",17,0,2006,, ,22.61,7,190,쎄미앙 오피스텔,,,11410,서대문구,미근동, 
20181025,"30,000",0,0,2007,, ,86.17,6,340-27,현대싱그런,,,11410,서대문구,연희동, 
20181029,"10,000",25,0,2004,, ,22.54,3,103-6,라이온스톤,,,11410,서대문구,연희동, 
20181029,"10,000",0,0,2003,, ,18.9,2,188-57,(188-57),,,11410,서대문구,연희동, 
20181030,"20,000",50,0,2006,, ,61.22,11,117,충정로대우디오빌,,,11410,서대문구,합동, 
20181101,"9,000",0,0,2005,, ,19.01,2,103-7,스페이스엠,,,11410,서대문구,연희동, 
20181103,"20,000",0,0,2006,, ,29.26,8,117,충정로대우디오빌,,,11410,서대문구,합동, 
20181105,"6,000",50,0,2018,, ,17.66,9,90-77,유씨유 이대,,,11410,서대문구,대현동, 
20181113,"12,000",10,0,2003,, ,26.03,3,136-7,(136-7),,,11410,서대문구,연희동, 
20181114,"5,000",75,0,2005,, ,41.57,6,116,SK리쳄블,,,11410,서대문구,합동, 
20181116,"3,000",30,0,2002,, ,19.44,2,122-3,정연 지오빌,,,11410,서대문구,연희동, 
20181116,"18,000",0,0,2018,, ,17.31,13,90-77,유씨유 이대,,,11410,서대문구,대현동, 
20181121,"1,000",80,0,2005,, ,34.22,10,116,SK리쳄블,,,11410,서대문구,합동, 
20181127,"1,000",70,0,2009,, ,25.35,13,192,서대문 디오빌 오피스텔,,,11410,서대문구,충정로2가, 
20181130,"12,500",0,0,2006,, ,22.61,6,190,쎄미앙 오피스텔,,,11410,서대문구,미근동, 
20181203,"10,000",22,0,2006,, ,22.61,7,190,쎄미앙 오피스텔,,,11410,서대문구,미근동, 
20181206,"8,000",10,0,2005,, ,19.01,5,103-7,스페이스엠,,,11410,서대문구,연희동, 
20181206,"10,000",0,0,2005,, ,19.01,5,103-7,스페이스엠,,,11410,서대문구,연희동, 
20181207,"18,000",0,0,2018,, ,17.66,7,90-77,유씨유 이대,,,11410,서대문구,대현동, 
20181208,"10,000",17,0,2006,, ,22.61,6,190,쎄미앙 오피스텔,,,11410,서대문구,미근동, 
20181211,"7,000",35,0,2004,, ,19.81,4,103-6,라이온스톤,,,11410,서대문구,연희동, 
20181219,"20,000",0,0,2005,, ,34.22,6,116,SK리쳄블,,,11410,서대문구,합동, 
20181221,"18,000",0,0,2009,, ,25.35,14,192,서대문 디오빌 오피스텔,,,11410,서대문구,충정로2가, 
20181231,"2,000",65,0,2009,, ,25.35,16,192,서대문 디오빌 오피스텔,,,11410,서대문구,충정로2가, 
20181231,"18,000",0,0,2009,, ,25.35,16,192,서대문 디오빌 오피스텔,,,11410,서대문구,충정로2가, 
20190105,"2,000",63,0,2009,, ,25.35,3,192,서대문 디오빌 오피스텔,,,11410,서대문구,충정로2가, 
20190109,"19,000",0,0,2018,, ,17.66,14,90-77,유씨유 이대,,,11410,서대문구,대현동, 
20190115,"10,000",30,0,2018,, ,18.03,9,37-48,에스엠피렌체,,,11410,서대문구,대현동, 
20190120,"10,000",40,0,2005,, ,45.63,5,27-20,신촌가이아,,,11410,서대문구,대현동, 
20190122,"3,000",30,0,2002,, ,19.44,3,122-3,정연 지오빌,,,11410,서대문구,연희동, 
20190123,"1,000",40,0,2002,, ,20.67,7,100-15,브라운 힐,,,11410,서대문구,연희동, 
20190126,"7,000",55,0,2014,, ,23.7,7,104-5,신촌푸르지오시티,,,11410,서대문구,대현동, 
20190128,"15,000",10,0,2009,, ,56.12,5,165-2,코지펠리스,,,11410,서대문구,홍은동, 
20190129,"18,000",0,0,2009,, ,25.35,7,192,서대문 디오빌 오피스텔,,,11410,서대문구,충정로2가, 
20190130,"22,500",0,0,2018,, ,26.6,5,90-66,MJ더퍼스트이대,,,11410,서대문구,대현동, 
20190209,"15,000",0,0,2018,, ,16.62,2,90-42,이대다올노블리움2차,,,11410,서대문구,대현동, 
20190211,"20,000",9,0,2018,, ,27.42,10,1013,이편한세상신촌,,,11410,서대문구,북아현동, 
20190214,"24,000",0,0,2018,, ,27.42,12,1013,이편한세상신촌,,,11410,서대문구,북아현동, 
20190216,"17,000",0,0,2007,, ,28.79,5,194-30,브라운스톤 연희,,,11410,서대문구,연희동, 
20190219,"10,000",40,0,2005,, ,45.63,5,27-20,신촌가이아,,,11410,서대문구,대현동, 
20190223,"6,000",30,0,2005,, ,20.4,3,218-1,연희체스트빌,,,11410,서대문구,연희동, 
20190226,"19,900",0,0,2006,, ,29.25,3,117,충정로대우디오빌,,,11410,서대문구,합동, 
20190226,"1,000",90,0,2018,, ,24.1,6,90-35,이대다올노블리움2차,,,11410,서대문구,대현동, 
20190227,"1,000",70,0,2009,, ,25.35,11,192,서대문 디오빌 오피스텔,,,11410,서대문구,충정로2가, 
20190227,"1,000",50,0,2005,, ,19.01,4,103-7,스페이스엠,,,11410,서대문구,연희동, 
20190302,"7,000",0,0,2001,, ,16.2,5,212-2,연희소프트빌,,,11410,서대문구,연희동, 
20190309,500,70,0,2006,, ,29.29,15,117,충정로대우디오빌,,,11410,서대문구,합동, 
20190312,"46,000",0,0,2007,, ,116.81,10,194-30,브라운스톤 연희,,,11410,서대문구,연희동, 
20190315,"5,000",45,0,2004,, ,24.29,4,45-5,이화인비따레오피스텔,,,11410,서대문구,대현동, 
20190319,"5,000",50,0,2009,, ,22.72,19,192,서대문 디오빌 오피스텔,,,11410,서대문구,충정로2가, 
20190319,"29,000",0,0,2005,, ,49.83,9,116,SK리쳄블,,,11410,서대문구,합동, 
20190323,"1,000",63,0,2004,, ,19.38,3,97-64,경선파인 오피스텔,,,11410,서대문구,창천동, 
20190326,"45,000",0,0,2007,, ,116.81,9,194-30,브라운스톤 연희,,,11410,서대문구,연희동, 
20190327,"18,000",0,0,2009,, ,25.35,11,192,서대문 디오빌 오피스텔,,,11410,서대문구,충정로2가, 
20190329,"10,000",45,0,2014,, ,23.38,16,104-5,신촌푸르지오시티,,,11410,서대문구,대현동, 
20190406,"20,800",0,0,2014,, ,25.76,16,104-5,신촌푸르지오시티,,,11410,서대문구,대현동, 
20190408,"7,000",0,0,2003,, ,24.48,6,396-25,동림오벨리스크,,,11410,서대문구,홍은동, 
20190417,"21,000",0,0,2014,19.04~21.04,신규,26.76,16,104-5,신촌푸르지오시티,,,11410,서대문구,대현동, 
20190420,"3,000",30,0,2002,, ,20.39,6,121-4,오벨리스크,,,11410,서대문구,연희동, 
20190422,"19,000",0,0,2009,, ,56.12,6,165-2,코지펠리스,,,11410,서대문구,홍은동, 
20190425,"12,000",15,0,2015,, ,18.98,7,90-58,(90-58),,,11410,서대문구,대현동, 
20190426,"5,000",50,0,2005,, ,26.34,8,29-81,신촌 르메이에르타운5,,,11410,서대문구,창천동, 
20190427,"22,000",0,0,2005,, ,34.22,10,116,SK리쳄블,,,11410,서대문구,합동, 
20190429,"15,000",30,0,2014,, ,29.62,11,104-36,신촌자이엘라,,,11410,서대문구,대현동, 
20190429,"24,500",0,0,2005,, ,41.57,11,116,SK리쳄블,,,11410,서대문구,합동, 
20190509,"7,000",50,0,2006,, ,37.15,2,117,충정로대우디오빌,,,11410,서대문구,합동, 
20190509,"9,800",20,0,2006,, ,22.61,5,190,쎄미앙 오피스텔,,,11410,서대문구,미근동, 
20190510,"25,000",0,0,2005,, ,41.57,17,116,SK리쳄블,,,11410,서대문구,합동, 
20190520,"22,000",0,0,2005,, ,41.08,10,116,SK리쳄블,,,11410,서대문구,합동, 
20190521,"15,000",0,0,2019,, ,24.3,4,142-21,연희미다스파크,,,11410,서대문구,연희동, 
20190522,"17,000",0,0,2019,, ,26.67,6,142-21,연희미다스파크,,,11410,서대문구,연희동, 
20190527,"13,000",0,0,2004,, ,23.76,4,45-5,이화인비따레오피스텔,,,11410,서대문구,대현동, 
20190529,"10,000",0,0,2005,, ,19.01,5,103-7,스페이스엠,,,11410,서대문구,연희동, 
20190530,"14,000",0,0,2004,, ,24.29,7,45-5,이화인비따레오피스텔,,,11410,서대문구,대현동, 
20190531,"13,000",5,0,2003,, ,26.32,3,136-7,(136-7),,,11410,서대문구,연희동, 
20190601,"1,000",65,0,2004,, ,27.31,1,97-64,경선파인 오피스텔,,,11410,서대문구,창천동, 
20190603,"1,000",65,0,2018,, ,17.5,4,56-63,이대오늘아침 오피스텔,,,11410,서대문구,대현동, 
20190606,"33,000",0,0,2006,, ,61.73,7,117,충정로대우디오빌,,,11410,서대문구,합동, 
20190611,"5,000",50,0,2009,, ,25.35,18,192,서대문 디오빌 오피스텔,,,11410,서대문구,충정로2가, 
20190619,"10,000",0,0,2003,, ,18.9,6,188-57,(188-57),,,11410,서대문구,연희동, 
20190619,"8,500",0,0,2002,, ,17.82,6,92-7,창천오피스텔,,,11410,서대문구,창천동, 
20190624,"17,000",0,0,2017,, ,20.27,6,37-32,영타운 지웰 에스테이트,,,11410,서대문구,대현동, 
20190627,"10,000",40,0,2014,, ,27.66,5,104-5,신촌푸르지오시티,,,11410,서대문구,대현동, 
20190628,"6,000",40,0,2004,, ,19.81,6,103-6,라이온스톤,,,11410,서대문구,연희동, 
20190629,"33,000",0,0,2007,, ,86.17,3,340-27,현대싱그런,,,11410,서대문구,연희동, 
20190705,"17,000",0,0,2019,, ,26.67,3,142-21,연희미다스파크,,,11410,서대문구,연희동, 
20190711,"1,000",40,0,2004,, ,21.75,4,343-1,선정오피스텔,,,11410,서대문구,북가좌동, 
20190712,"33,000",0,0,2006,, ,61.73,5,117,충정로대우디오빌,,,11410,서대문구,합동, 
20190716,"17,800",0,0,2009,, ,25.35,9,192,서대문 디오빌 오피스텔,,,11410,서대문구,충정로2가, 
20190716,"12,000",10,0,2003,, ,26.03,4,136-7,(136-7),,,11410,서대문구,연희동, 
20190722,"5,000",50,0,2018,, ,16.89,3,56-10,더가온 오피스텔,,,11410,서대문구,대현동, 
20190722,"20,000",0,0,2006,, ,29.26,3,117,충정로대우디오빌,,,11410,서대문구,합동, 
20190724,"4,000",50,0,2006,19.08~20.08,신규,27.14,8,20-51,신영스카이텔,,,11410,서대문구,창천동, 
20190727,"17,000",0,0,2019,, ,26.67,4,142-21,연희미다스파크,,,11410,서대문구,연희동, 
20190730,"23,000",0,0,2018,, ,24.1,4,90-35,이대다올노블리움2차,,,11410,서대문구,대현동, 
20190801,"1,000",60,0,,, ,14.4,6,90-45,이화스테이,,,11410,서대문구,대현동, 
20190805,"17,500",0,0,2005,, ,26.64,8,27-20,신촌가이아,,,11410,서대문구,대현동, 
20190810,"16,000",0,0,2015,, ,18.98,7,90-58,(90-58),,,11410,서대문구,대현동, 
20190812,"7,500",0,0,2002,, ,13.33,5,92-7,창천오피스텔,,,11410,서대문구,창천동, 
20190813,"9,000",0,0,2002,, ,22.9,2,92-7,창천오피스텔,,,11410,서대문구,창천동, 
20190814,"18,500",0,0,2019,, ,17.84,15,90-60,이대 포레스트,,,11410,서대문구,대현동, 
20190814,"18,500",0,0,2019,, ,17.84,15,90-60,이대 포레스트,,,11410,서대문구,대현동, 
20190814,"20,000",0,0,2019,, ,17.84,10,90-60,이대 포레스트,,,11410,서대문구,대현동, 
20190822,"23,000",0,0,2019,, ,39.71,2,142-21,연희미다스파크,,,11410,서대문구,연희동, 
20190824,"5,000",25,0,2002,, ,25.73,6,76-24,(76-24),,,11410,서대문구,연희동, 
20190904,"1,000",75,0,2006,, ,29.25,14,117,충정로대우디오빌,,,11410,서대문구,합동, 
20190921,"9,000",0,0,2002,, ,25.73,5,76-24,(76-24),,,11410,서대문구,연희동, 
20190921,"9,000",0,0,2002,, ,25.73,5,76-24,(76-24),,,11410,서대문구,연희동, 
20190923,"10,000",0,0,2005,, ,19.01,2,103-7,스페이스엠,,,11410,서대문구,연희동, 
20190925,"18,500",0,0,2019,, ,17.84,8,90-60,이대 포레스트,,,11410,서대문구,대현동, 
20190927,"18,000",0,0,2009,, ,25.35,19,192,서대문 디오빌 오피스텔,,,11410,서대문구,충정로2가, 
20190927,"2,000",60,0,2005,, ,26.34,9,29-81,신촌 르메이에르타운5,,,11410,서대문구,창천동, 
20190930,"21,500",0,0,2018,, ,21.43,9,37-15,이대프리젠#3,,,11410,서대문구,대현동, 
20190930,"21,500",0,0,2018,, ,21.43,9,37-15,이대프리젠#3,,,11410,서대문구,대현동, 
20190930,"21,500",0,0,2018,, ,21.43,9,37-15,이대프리젠#3,,,11410,서대문구,대현동, 
20191006,"18,000",0,0,2019,, ,17.84,5,90-60,이대 포레스트,,,11410,서대문구,대현동, 
20191008,"22,000",0,0,2019,, ,33.79,3,142-21,연희미다스파크,,,11410,서대문구,연희동, 
20191014,"18,000",0,0,2009,, ,25.35,16,192,서대문 디오빌 오피스텔,,,11410,서대문구,충정로2가, 
20191016,"19,000",0,0,2009,, ,28.82,14,192,서대문 디오빌 오피스텔,,,11410,서대문구,충정로2가, 
20191016,"3,000",60,0,2009,, ,25.35,8,192,서대문 디오빌 오피스텔,,,11410,서대문구,충정로2가, 
20191018,"1,000",78,0,2017,, ,20.37,8,37-32,영타운 지웰 에스테이트,,,11410,서대문구,대현동, 
20191019,"8,190",0,0,2015,, ,14.04,6,90-41,(90-41),,,11410,서대문구,대현동, 
20191026,"5,000",50,0,2009,, ,25.35,15,192,서대문 디오빌 오피스텔,,,11410,서대문구,충정로2가, 
20191029,"18,500",0,0,2019,, ,17.84,12,90-60,이대 포레스트,,,11410,서대문구,대현동, 
20191029,"1,000",70,0,2018,, ,17.31,13,90-77,유씨유 이대,,,11410,서대문구,대현동, 
20191106,"33,000",0,0,2007,, ,64.41,7,194-30,브라운스톤 연희,,,11410,서대문구,연희동, 
20191108,"13,000",10,0,2019,, ,18.02,5,90-36,이화블로섬하우스,,,11410,서대문구,대현동, 
20191109,"3,000",60,0,2009,, ,25.35,16,192,서대문 디오빌 오피스텔,,,11410,서대문구,충정로2가, 
20191115,"28,000",0,0,2014,, ,36.8,8,104-36,신촌자이엘라,,,11410,서대문구,대현동, 
20191121,"19,000",0,0,2019,, ,17.84,10,90-60,이대 포레스트,,,11410,서대문구,대현동, 
20191121,"12,000",10,0,2003,, ,26.32,7,136-7,(136-7),,,11410,서대문구,연희동, 
20191124,"10,000",0,0,2002,, ,13.33,5,92-7,창천오피스텔,,,11410,서대문구,창천동, 
20191127,"10,000",0,0,2002,, ,13.33,5,92-7,창천오피스텔,,,11410,서대문구,창천동, 
20191130,"17,600",0,0,2017,, ,19.31,5,37-32,영타운 지웰 에스테이트,,,11410,서대문구,대현동, 
20191130,"16,800",0,0,2017,, ,20.27,6,37-32,영타운 지웰 에스테이트,,,11410,서대문구,대현동, 
20191210,"1,000",75,0,2017,, ,20.27,5,37-32,영타운 지웰 에스테이트,,,11410,서대문구,대현동, 
20191214,"20,500",0,0,2014,, ,23.7,13,104-5,신촌푸르지오시티,,,11410,서대문구,대현동, 
20191214,"1,000",42,0,2002,, ,20.72,7,100-15,브라운 힐,,,11410,서대문구,연희동, 
20191223,"15,750",0,0,2017,, ,19.39,2,37-32,영타운 지웰 에스테이트,,,11410,서대문구,대현동, 
20191225,"23,000",0,0,2019,, ,20.05,8,110-22,신촌 스타게이트,,,11410,서대문구,대현동, 
20191226,"19,000",0,0,2005,, ,31.41,6,29-81,신촌 르메이에르타운5,,,11410,서대문구,창천동, 
20191228,"10,000",35,0,2017,, ,20.27,10,37-32,영타운 지웰 에스테이트,,,11410,서대문구,대현동, 
20191228,"1,000",85,0,2019,, ,17.84,16,90-60,이대 포레스트,,,11410,서대문구,대현동, 
20191231,"5,000",75,0,2014,, ,27.61,6,104-36,신촌자이엘라,,,11410,서대문구,대현동, 
20191231,"18,500",0,0,2018,, ,17.66,15,90-77,유씨유 이대,,,11410,서대문구,대현동, 
