dealDate,deposit,monthlyRent,calcedRent,buildYear,contractTerm,contractType,houseType,preDeposit,preMonthlyRent,sggCd,totalFloorAr,umdNm,useRRRight
20200107,"7,000",0,0,1995,, ,다가구,,,11410,26,연희동, 
20200108,300,35,0,1993,, ,다가구,,,11410,149.7,연희동, 
20200114,500,47,0,,, ,다가구,,,11410,13.53,홍은동, 
20200118,"1,000",50,0,2002,, ,다가구,,,11410,19.8,연희동, 
20200118,500,50,0,1989,, ,다가구,,,11410,15,창천동, 
20200123,500,45,0,2001,, ,다가구,,,11410,15,대신동, 
20200124,"5,000",0,0,2003,, ,다가구,,,11410,18,홍은동, 
20200126,"1,000",58,0,2017,, ,다가구,,,11410,18.5,창천동, 
20200128,"2,000",45,0,1987,, ,다가구,,,11410,33,창천동, 
20200131,"14,000",0,0,1998,, ,다가구,,,11410,33.27,대신동, 
20200201,500,38,0,1998,, ,다가구,,,11410,20,남가좌동, 
20200205,500,35,0,1984,, ,단독,,,11410,15.23,신촌동, 
20200206,500,40,0,1995,, ,다가구,,,11410,22.4,연희동, 
20200210,"6,000",50,0,1998,, ,다가구,,,11410,19,대신동, 
20200215,300,45,0,2016,, ,단독,,,11410,15,북가좌동, 
20200216,"1,000",45,0,2011,, ,단독,,,11410,23,연희동, 
20200218,"5,000",0,0,2013,, ,다가구,,,11410,15,남가좌동, 
20200228,"2,000",50,0,2005,, ,다가구,,,11410,24,연희동, 
20200229,"2,000",40,0,1996,, ,단독,,,11410,18.5,창천동, 
20200229,"2,000",80,0,1991,, ,단독,,,11410,55,창천동, 
20200302,500,40,0,1993,, ,다가구,,,11410,22.9,천연동, 
20200309,500,45,0,1997,, ,다가구,,,11410,36,남가좌동, 
20200309,"3,000",40,0,,, ,다가구,,,11410,11.6,창천동, 
20200310,"1,000",50,0,2010,, ,다가구,,,11410,16.5,창천동, 
20200313,500,45,0,1997,, ,다가구,,,11410,24,대현동, 
20200316,100,30,0,1992,, ,다가구,,,11410,19,남가좌동, 
20200317,10,30,0,2011,, ,단독,,,11410,10,남가좌동, 
20200321,"30,000",0,0,,, ,다가구,,,11410,79.26,연희동, 
20200326,"1,000",50,0,1991,, ,다가구,,,11410,29.75,창천동, 
20200330,"4,000",50,0,1992,, ,다가구,,,11410,48,북가좌동, 
20200402,500,60,0,1992,, ,다가구,,,11410,42.56,북아현동, 
20200402,"13,000",0,0,2017,, ,다가구,,,11410,21,연희동, 
20200402,"1,000",50,0,2002,, ,단독,,,11410,19.8,연희동, 
20200414,300,40,0,2012,, ,단독,,,11410,15.23,연희동, 
20200418,500,50,0,1994,, ,단독,,,11410,27,대현동, 
20200427,"5,000",50,0,2001,, ,단독,,,11410,32.41,연희동, 
20200428,"2,000",100,0,2016,, ,다가구,,,11410,72.32,봉원동, 
20200428,"9,000",5,0,1991,, ,다가구,,,11410,45.45,홍은동, 
20200429,"16,000",0,0,2006,, ,다가구,,,11410,65,연희동, 
20200430,"12,000",60,0,2014,, ,다가구,,,11410,28.78,연희동, 
20200511,"2,000",65,0,2001,, ,다가구,,,11410,31.92,창천동, 
20200515,"3,000",40,0,1993,, ,다가구,,,11410,50,북가좌동, 
20200516,500,55,0,1995,, ,다가구,,,11410,33.06,창천동, 
20200519,"7,000",35,0,1992,, ,단독,,,11410,47.67,북아현동, 
20200519,"13,000",0,0,1959,, ,단독,,,11410,46.28,북아현동, 
20200519,400,35,0,1998,, ,다가구,,,11410,13.68,천연동, 
20200526,"10,000",0,0,1998,, ,다가구,,,11410,24.28,대신동, 
20200527,"19,000",0,0,1993,, ,단독,,,11410,79.15,천연동, 
20200528,"47,000",0,0,1994,, ,다가구,,,11410,140.28,북아현동, 
20200531,"5,500",0,0,2017,, ,단독,,,11410,16,홍은동, 
20200608,"12,000",0,0,2001,, ,다가구,,,11410,16.59,대신동, 
20200612,"6,000",50,0,1971,, ,다가구,,,11410,57.06,영천동, 
20200616,500,35,0,1994,, ,다가구,,,11410,18,연희동, 
20200620,100,30,0,,, ,단독,,,11410,66.11,충정로3가, 
20200620,"7,000",0,0,2011,, ,다가구,,,11410,28,연희동, 
20200627,"1,000",50,0,2010,, ,다가구,,,11410,18,연희동, 
20200627,"3,000",40,0,2003,, ,다가구,,,11410,35.62,창천동, 
20200627,"10,000",0,0,1990,, ,단독,,,11410,33,북가좌동, 
20200629,500,45,0,2001,, ,다가구,,,11410,20,창천동, 
20200630,"23,000",0,0,2018,, ,다가구,,,11410,36,홍제동, 
20200709,"25,000",0,0,1994,, ,다가구,,,11410,84.09,북아현동, 
20200715,"1,000",55,0,,, ,다가구,,,11410,16.5,연희동, 
20200722,"13,000",0,0,1996,, ,다가구,,,11410,44.2,홍제동, 
20200723,"1,500",55,0,2011,, ,다가구,,,11410,21,연희동, 
20200723,"1,000",50,0,1988,, ,다가구,,,11410,15,연희동, 
20200728,"6,000",0,0,,, ,다가구,,,11410,23.02,창천동, 
20200728,"1,000",48,0,2010,, ,다가구,,,11410,15,창천동, 
20200729,"4,000",15,0,1983,, ,다가구,,,11410,20,연희동, 
20200729,"5,000",25,0,1995,, ,다가구,,,11410,43,홍제동, 
20200731,"9,000",0,0,2018,, ,다가구,,,11410,16.65,홍은동, 
20200805,"1,000",50,0,1988,, ,다가구,,,11410,16,연희동, 
20200808,500,40,0,1998,, ,다가구,,,11410,18,대신동, 
20200813,300,35,0,1996,, ,다가구,,,11410,12,창천동, 
20200814,"1,000",55,0,1989,, ,다가구,,,11410,18,창천동, 
20200817,"2,000",75,0,1983,, ,다가구,,,11410,59.4,충정로3가, 
20200820,"4,000",20,0,2019,, ,단독,,,11410,21,북가좌동, 
20200820,"3,700",50,0,1988,, ,다가구,,,11410,51.3,충정로2가, 
20200821,500,45,0,2015,, ,다가구,,,11410,15.23,창천동, 
20200825,"11,000",0,0,2020,, ,다가구,,,11410,18,남가좌동, 
20200826,"9,000",0,0,1983,, ,단독,,,11410,46.02,연희동, 
20200901,"14,700",0,0,2018,, ,단독,,,11410,24.95,북가좌동, 
20200908,"14,000",25,0,1997,, ,다가구,,,11410,80,홍은동, 
20200914,"9,600",15,0,2001,, ,다가구,,,11410,27,창천동, 
20200916,"18,000",30,0,1998,, ,단독,,,11410,101.73,천연동, 
20200916,"2,000",75,0,1996,, ,다가구,,,11410,50,연희동, 
20200919,"14,000",0,0,2001,, ,다가구,,,11410,27,창천동, 
20200921,"12,000",0,0,2001,, ,다가구,,,11410,28.38,연희동, 
20200925,"4,000",0,0,1994,, ,다가구,,,11410,28,남가좌동, 
20200926,"6,000",0,0,,, ,다가구,,,11410,20.87,대신동, 
20200928,"8,000",0,0,1933,, ,단독,,,11410,19.83,충정로3가, 
20201006,"3,000",100,0,1991,, ,다가구,,,11410,60,창천동, 
20201015,500,45,0,1990,, ,다가구,,,11410,18,창천동, 
20201017,300,20,0,1990,, ,단독,,,11410,20,홍은동, 
20201017,"11,000",0,0,1972,, ,단독,,,11410,39.57,홍제동, 
20201019,"5,000",0,0,,, ,단독,,,11410,44.63,홍은동, 
20201021,"12,000",0,0,1991,, ,단독,,,11410,27.72,북아현동, 
20201023,500,38,0,,, ,다가구,,,11410,14.81,대신동, 
20201024,"3,000",30,0,,, ,단독,,,11410,19,연희동, 
20201028,"15,000",0,0,1996,, ,다가구,,,11410,26,창천동, 
20201031,"1,000",70,0,2015,, ,다가구,,,11410,41,홍제동, 
20201104,"2,000",50,0,,, ,다가구,,,11410,20,대현동, 
20201110,"2,500",46,0,1960,, ,단독,,,11410,47.17,충정로3가, 
20201114,"8,500",0,0,1990,, ,단독,,,11410,50.31,홍은동, 
20201121,"5,500",0,0,1968,, ,다가구,,,11410,18.15,창천동, 
20201121,"8,000",0,0,1997,, ,다가구,,,11410,26,대신동, 
20201121,500,36,0,2011,, ,다가구,,,11410,17,북가좌동, 
20201124,"10,000",15,0,1993,, ,다가구,,,11410,49.48,남가좌동, 
20201125,"1,000",42,0,,, ,다가구,,,11410,13.53,홍은동, 
20201127,"12,000",5,0,,, ,다가구,,,11410,23.1,창천동, 
20201130,"1,000",50,0,,, ,단독,,,11410,27,창천동, 
20201208,"11,000",0,0,2001,, ,다가구,,,11410,25,창천동, 
20201208,"15,000",0,0,,, ,다가구,,,11410,21,대신동, 
20201215,"13,000",0,0,1997,, ,다가구,,,11410,18,창천동, 
20201215,"3,000",80,0,2016,, ,단독,,,11410,47.58,홍은동, 
20201219,"5,000",20,0,1994,, ,다가구,,,11410,34.17,옥천동, 
20201226,"1,500",47,0,,, ,다가구,,,11410,29,연희동, 
20201228,"6,000",0,0,,, ,다가구,,,11410,26.44,연희동, 
20201229,500,34,0,1988,, ,다가구,,,11410,15,연희동, 
20201229,"1,000",65,0,1987,, ,다가구,,,11410,25,신촌동, 
20201229,"12,600",0,0,2002,, ,다가구,,,11410,23.1,창천동, 
20210107,"3,000",30,0,2003,, ,다가구,,,11410,20,연희동, 
20210112,"3,000",25,0,2010,, ,단독,,,11410,15,연희동, 
20210113,"16,000",0,0,,, ,다가구,,,11410,33.27,대신동, 
20210118,"2,000",40,0,1995,, ,다가구,,,11410,39.55,홍제동, 
20210121,"1,000",40,0,1992,, ,다가구,,,11410,32,북아현동, 
20210123,"15,000",0,0,1994,, ,단독,,,11410,16,대신동, 
20210123,500,40,0,,, ,단독,,,11410,15,연희동, 
20210128,500,41,0,1965,, ,다가구,,,11410,16.5,홍제동, 
20210130,"11,000",0,0,2016,, ,다가구,,,11410,28,연희동, 
20210131,500,45,0,2011,, ,다가구,,,11410,23,연희동, 
20210202,"1,300",30,0,1996,, ,단독,,,11410,15,연희동, 
20210209,300,38,0,2017,, ,단독,,,11410,12.5,연희동, 
20210210,"1,000",84,0,1989,, ,다가구,,,11410,39.6,창천동, 
20210215,700,62,0,1996,, ,다가구,,,11410,24,대신동, 
20210219,400,45,0,1984,, ,다가구,,,11410,17,연희동, 
20210222,"1,000",53,0,2001,, ,다가구,,,11410,28.09,연희동, 
20210223,300,33,0,1992,, ,단독,,,11410,19.8,연희동, 
20210227,"16,000",0,0,1991,, ,다가구,,,11410,23.6,창천동, 
20210227,"4,000",0,0,2004,, ,다가구,,,11410,20,충정로3가, 
20210227,300,33,0,2011,, ,다가구,,,11410,15,남가좌동, 
20210301,500,50,0,1985,, ,다가구,,,11410,59,창천동, 
20210301,"3,000",44,0,,, ,다가구,,,11410,17.6,연희동, 
20210303,"1,000",55,0,,, ,다가구,,,11410,43.65,남가좌동, 
20210308,"7,000",36,0,1989,, ,다가구,,,11410,38,창천동, 
20210310,"2,853",37,0,,, ,다가구,,,11410,46.42,연희동, 
20210313,"1,000",50,0,2020,, ,단독,,,11410,14.85,홍제동, 
20210320,500,50,0,1989,, ,단독,,,11410,22,창천동, 
20210325,"6,500",0,0,1990,, ,단독,,,11410,13.2,창천동, 
20210326,400,40,0,1997,, ,다가구,,,11410,29.87,홍은동, 
20210329,"1,000",60,0,2017,, ,다가구,,,11410,20,연희동, 
20210401,200,30,0,1992,, ,다가구,,,11410,25,연희동, 
20210405,"2,000",65,0,1995,, ,다가구,,,11410,56.24,북아현동, 
20210410,500,35,0,2002,, ,다가구,,,11410,25,대신동, 
20210413,"12,000",0,0,2004,, ,다가구,,,11410,26.61,창천동, 
20210417,"22,000",0,0,1991,, ,다가구,,,11410,57.18,창천동, 
20210420,"12,000",20,0,1998,, ,다가구,,,11410,29.14,대신동, 
20210422,"35,000",0,0,2019,, ,다가구,,,11410,49.39,남가좌동, 
20210424,"8,000",20,0,1999,, ,다가구,,,11410,61.68,북가좌동, 
20210424,"2,000",50,0,1997,, ,다가구,,,11410,49.47,북가좌동, 
20210428,"25,500",0,0,1975,, ,단독,,,11410,70.05,북가좌동, 
20210501,500,50,0,1988,, ,다가구,,,11410,19,대현동, 
20210507,"10,000",0,0,1992,, ,다가구,,,11410,28,창천동, 
20210507,300,36,0,1992,, ,다가구,,,11410,16,창천동, 
20210511,500,35,0,1990,, ,다가구,,,11410,33,북가좌동, 
20210521,"12,000",0,0,2003,, ,다가구,,,11410,26.66,대신동, 
20210521,"2,000",40,0,1993,, ,다가구,,,11410,35,북아현동, 
20210525,"9,500",0,0,1988,, ,단독,,,11410,36,연희동, 
20210527,500,50,0,,, ,단독,,,11410,23.53,연희동, 
20210528,"32,500",0,0,1997,, ,단독,,,11410,96.97,홍제동, 
20210529,"4,000",30,0,1996,, ,다가구,,,11410,18,창천동, 
20210602,500,55,0,2004,, ,단독,,,11410,19.8,창천동, 
20210612,"16,000",0,0,1994,, ,다가구,,,11410,57.47,홍은동, 
20210619,"3,000",35,0,1992,, ,단독,,,11410,20,창천동, 
20210620,"8,500",0,0,1985,, ,다가구,,,11410,20,창천동, 
20210621,"6,000",30,0,1993,, ,다가구,,,11410,33,홍제동, 
20210622,"2,000",55,0,2002,, ,다가구,,,11410,35,연희동, 
20210624,"2,000",55,0,1990,, ,다가구,,,11410,41.22,북가좌동, 
20210626,"16,000",0,0,1973,, ,다가구,,,11410,30,연희동, 
20210626,500,45,0,1978,, ,단독,,,11410,23.1,연희동, 
20210630,"1,000",65,0,1994,, ,다가구,,,11410,34,천연동, 
20210701,500,40,0,1997,, ,단독,,,11410,21.02,연희동, 
20210707,500,60,0,,, ,다가구,,,11410,20,연희동, 
20210710,100,40,0,2010,, ,단독,,,11410,13.88,연희동, 
20210715,"6,500",35,0,1997,, ,다가구,,,11410,18,창천동, 
20210717,"20,000",0,0,2002,, ,다가구,,,11410,46.28,연희동, 
20210717,"1,000",50,0,1989,, ,다가구,,,11410,20,창천동, 
20210727,"1,000",56,0,1994,, ,다가구,,,11410,18,창천동, 
20210729,500,45,0,2013,, ,다가구,,,11410,19.83,창천동, 
20210730,500,45,0,1993,, ,다가구,,,11410,19,연희동, 
20210731,500,45,0,1985,, ,단독,,,11410,13,대신동, 
20210803,"18,000",0,0,1992,, ,다가구,,,11410,39.08,홍제동, 
20210810,300,37,0,1995,, ,다가구,,,11410,16.53,연희동, 
20210818,"1,000",48,0,1996,, ,다가구,,,11410,23.18,연희동, 
20210820,"3,500",30,0,1992,, ,단독,,,11410,15,창천동, 
20210821,400,40,0,1994,, ,다가구,,,11410,53,연희동, 
20210823,"23,500",0,0,1997,, ,다가구,,,11410,84.48,천연동, 
20210825,"1,000",50,0,2010,, ,다가구,,,11410,17,옥천동, 
20210826,"25,000",0,0,1989,, ,단독,,,11410,54.49,홍제동, 
20210828,"15,000",0,0,,, ,다가구,,,11410,51.6,북가좌동, 
20210831,500,43,0,2017,, ,단독,,,11410,13.5,남가좌동, 
20210904,"15,000",0,0,1931,, ,단독,,,11410,40,충정로3가, 
20210909,"27,000",0,0,1987,, ,다가구,,,11410,46.19,홍은동, 
20210910,"3,000",25,0,2001,, ,다가구,,,11410,42,연희동, 
20210913,"1,000",40,0,2010,, ,다가구,,,11410,15,창천동, 
20210915,"5,000",53,0,2006,, ,다가구,,,11410,40,창천동, 
20210924,500,42,0,1997,, ,다가구,,,11410,40,창천동, 
20210925,"8,000",0,0,1991,, ,다가구,,,11410,16.5,연희동, 
20210925,"1,000",60,0,,, ,다가구,,,11410,41.02,창천동, 
20210926,"1,000",57,0,,, ,다가구,,,11410,16.03,연희동, 
20210929,"7,000",0,0,1993,, ,다가구,,,11410,32.64,북아현동, 
20211011,"6,000",0,0,2017,, ,단독,,,11410,14.3,홍은동, 
20211012,"1,000",55,0,,, ,다가구,,,11410,20,북아현동, 
20211015,"1,000",45,0,2010,, ,다가구,,,11410,18,창천동, 
20211015,"1,000",45,0,2002,, ,단독,,,11410,20,창천동, 
20211016,"8,000",37,0,2004,, ,다가구,,,11410,40,창천동, 
20211019,"12,000",0,0,1991,, ,다가구,,,11410,48.96,홍은동, 
20211019,"10,000",100,0,1991,, ,다가구,,,11410,111.79,북아현동, 
20211030,500,45,0,1985,, ,단독,,,11410,19.83,창천동, 
20211030,"24,000",0,0,,, ,다가구,,,11410,32.93,연희동, 
20211030,"24,000",0,0,,, ,다가구,,,11410,32.93,연희동, 
20211102,"27,000",0,0,,, ,다가구,,,11410,27.77,연희동, 
20211114,"9,000",0,0,2009,, ,다가구,,,11410,16,창천동, 
20211120,"15,000",0,0,1993,, ,다가구,,,11410,66.48,충정로3가, 
20211121,"1,000",46,0,1996,, ,다가구,,,11410,40,연희동, 
20211122,500,40,0,1990,, ,다가구,,,11410,72.84,홍은동, 
20211125,"1,000",48,0,1984,, ,단독,,,11410,22.4,연희동, 
20211126,500,45,0,1995,, ,다가구,,,11410,17,연희동, 
20211128,"10,000",38,0,2003,, ,다가구,,,11410,68.12,남가좌동, 
20211129,"1,000",45,0,2008,, ,다가구,,,11410,18,창천동, 
20211129,300,40,0,1996,, ,다가구,,,11410,30.405,홍제동, 
20211204,"1,000",45,0,1996,, ,다가구,,,11410,16.5,창천동, 
20211206,"15,000",10,0,1996,, ,다가구,,,11410,33,창천동, 
20211206,"10,000",0,0,,, ,단독,,,11410,17.86,남가좌동, 
20211209,500,28,0,,, ,다가구,,,11410,16.5,연희동, 
20211211,500,50,0,1991,, ,다가구,,,11410,31,홍제동, 
20211216,"13,000",0,0,2006,, ,다가구,,,11410,20,창천동, 
20211218,500,50,0,2020,, ,다가구,,,11410,16,남가좌동, 
20211220,500,55,0,1991,, ,단독,,,11410,23.5,북아현동, 
20211221,"1,000",51,0,1995,, ,다가구,,,11410,22.53,대신동, 
20211227,"8,000",25,0,,, ,다가구,,,11410,16.12,연희동, 
20220103,"1,000",55,0,2004,, ,다가구,,,11410,29,창천동, 
20220104,"1,000",75,0,1993,, ,단독,,,11410,25,창천동, 
20220104,"1,000",50,0,2016,, ,다가구,,,11410,18,창천동, 
20220108,500,45,0,1995,, ,단독,,,11410,16,연희동, 
20220114,"16,000",0,0,1996,, ,다가구,,,11410,50,충정로2가, 
20220118,"1,000",45,0,,, ,다가구,,,11410,25,북아현동, 
20220121,"1,000",50,0,2010,, ,다가구,,,11410,19,연희동, 
20220121,500,45,0,2018,, ,단독,,,11410,18.9,홍은동, 
20220124,500,48,0,1995,, ,단독,,,11410,23.1,신촌동, 
20220125,"1,000",90,0,1991,, ,다가구,,,11410,51.15,창천동, 
20220204,300,45,0,2012,, ,다가구,,,11410,24,대현동, 
20220212,"1,000",45,0,1992,, ,다가구,,,11410,20,창천동, 
20220214,"1,000",40,0,1996,, ,다가구,,,11410,19.83,연희동, 
20220215,"1,000",55,0,2019,, ,단독,,,11410,15,홍제동, 
20220215,300,45,0,1996,, ,다가구,,,11410,22,연희동, 
20220222,"8,000",20,0,2002,, ,다가구,,,11410,45,연희동, 
20220223,"1,000",50,0,,, ,단독,,,11410,15.18,북아현동, 
20220226,"1,000",58,0,2017,, ,다가구,,,11410,18.5,창천동, 
20220226,300,38,0,1994,, ,단독,,,11410,15,남가좌동, 
20220228,"1,000",60,0,2010,, ,단독,,,11410,18,연희동, 
20220309,"1,000",40,0,1997,, ,단독,,,11410,27,충정로3가, 
20220312,"8,000",120,0,1971,, ,단독,,,11410,48.13,연희동, 
20220317,"23,000",0,0,1994,, ,다가구,,,11410,45.4,연희동, 
20220323,"13,000",0,0,1992,, ,다가구,,,11410,33.97,옥천동, 
20220325,"2,000",25,0,2020,, ,단독,,,11410,15,북가좌동, 
20220325,"1,000",50,0,1992,, ,다가구,,,11410,39.66,홍은동, 
20220326,"1,000",50,0,1992,, ,다가구,,,11410,47.64,연희동, 
20220329,"1,000",45,0,1996,, ,다가구,,,11410,15,대신동, 
20220330,"9,500",0,0,1991,, ,다가구,,,11410,30.736,북가좌동, 
20220331,"1,000",55,0,1971,, ,다가구,,,11410,26,천연동, 
20220402,"10,000",22,0,2001,, ,다가구,,,11410,25.5,창천동, 
20220404,"3,500",63,0,1997,, ,다가구,,,11410,34,연희동, 
20220405,"1,000",65,0,1996,, ,다가구,,,11410,52.9,남가좌동, 
20220409,"15,000",0,0,2020,, ,다가구,,,11410,25.09,홍제동, 
20220413,"20,000",0,0,1978,, ,단독,,,11410,79.01,북가좌동, 
20220418,"2,000",55,0,2020,, ,다가구,,,11410,18.38,홍제동, 
20220423,"1,000",50,0,2014,, ,다가구,,,11410,20,연희동, 
20220423,"15,000",130,0,1971,, ,단독,,,11410,46.55,연희동, 
20220423,"10,000",0,0,2001,, ,다가구,,,11410,43,연희동, 
20220426,"4,200",0,0,1998,, ,다가구,,,11410,19.8,대신동, 
20220502,"3,000",30,0,1997,, ,단독,,,11410,19,창천동, 
20220509,200,35,0,1997,, ,다가구,,,11410,23,연희동, 
20220511,"23,000",0,0,1996,, ,다가구,,,11410,39,대현동, 
20220512,"1,000",60,0,2001,, ,다가구,,,11410,26,창천동, 
20220512,"2,000",65,0,1994,, ,다가구,,,11410,36,연희동, 
20220516,"1,000",50,0,1997,, ,단독,,,11410,20,연희동, 
20220518,300,40,0,1984,, ,다가구,,,11410,17,남가좌동, 
20220527,"1,000",40,0,1994,, ,다가구,,,11410,72.1,북아현동, 
20220527,"2,000",53,0,2018,, ,다가구,,,11410,44,홍은동, 
20220528,"1,000",40,0,1977,, ,다가구,,,11410,37,북가좌동, 
20220604,"1,000",40,0,2018,, ,단독,,,11410,16.97,홍제동, 
20220604,"4,000",40,0,1990,, ,다가구,,,11410,83.19,홍은동, 
20220614,500,42,0,1988,, ,다가구,,,11410,18,연희동, 
20220616,"4,500",0,0,1990,, ,단독,,,11410,27.36,홍은동, 
20220618,"3,000",30,0,1995,, ,다가구,,,11410,33.12,신촌동, 
20220618,"1,000",55,0,1987,, ,단독,,,11410,18,창천동, 
20220624,500,50,0,1998,, ,다가구,,,11410,21,대신동, 
20220624,"3,000",60,0,1997,, ,다가구,,,11410,20,창천동, 
20220625,"7,000",21,0,2011,, ,다가구,,,11410,20,창천동, 
20220625,500,50,0,1991,, ,단독,,,11410,21,연희동, 
20220712,"2,000",40,0,1993,, ,다가구,,,11410,126,홍제동, 
20220712,"3,000",25,0,2003,, ,단독,,,11410,13.6,창천동, 
20220715,"1,000",65,0,1997,, ,다가구,,,11410,20,창천동, 
20220716,"13,000",0,0,2001,, ,다가구,,,11410,22,연희동, 
20220720,"36,750",0,0,2010,, ,단독,,,11410,93.14,창천동, 
20220721,"1,000",55,0,1970,, ,단독,,,11410,19,대신동, 
20220725,"1,000",50,0,1994,, ,단독,,,11410,29,연희동, 
20220726,"6,000",20,0,2002,, ,다가구,,,11410,16,연희동, 
20220728,500,67,0,,, ,단독,,,11410,26.64,홍제동, 
20220728,"1,000",45,0,1995,, ,다가구,,,11410,25,연희동, 
20220801,"10,000",0,0,1995,, ,다가구,,,11410,26.4,연희동, 
20220817,"1,500",50,0,1991,, ,다가구,,,11410,39.38,연희동, 
20220819,100,43,0,2010,, ,다가구,,,11410,20,남가좌동, 
20220819,"25,000",0,0,1997,, ,다가구,,,11410,56,연희동, 
20220823,500,43,0,2022,, ,단독,,,11410,15,홍은동, 
20220823,"1,500",55,0,1997,, ,다가구,,,11410,40,연희동, 
20220825,500,45,0,1988,, ,다가구,,,11410,19.8,연희동, 
20220826,"100,000",0,0,1970,, ,단독,,,11410,166.85,연희동, 
20220829,"1,000",45,0,1994,, ,다가구,,,11410,21.49,천연동, 
20220829,"13,000",0,0,1996,, ,단독,,,11410,78.72,홍은동, 
20220902,"7,000",10,0,1997,, ,다가구,,,11410,15.15,연희동, 
20220913,"12,000",0,0,1966,, ,단독,,,11410,26.23,홍제동, 
20220917,"3,000",58,0,2017,, ,다가구,,,11410,25,연희동, 
20220917,500,37,0,1997,, ,다가구,,,11410,30,연희동, 
20220919,"1,000",50,0,1993,, ,단독,,,11410,44,연희동, 
20220924,"3,000",60,0,2021,, ,다가구,,,11410,19,창천동, 
20220926,"8,000",10,0,1994,, ,다가구,,,11410,56.2,남가좌동, 
20220926,"1,000",45,0,2002,, ,다가구,,,11410,20,연희동, 
20220930,"12,500",0,0,1997,, ,다가구,,,11410,40.96,창천동, 
20220930,"2,000",50,0,1996,, ,다가구,,,11410,50.248,북아현동, 
20221012,"1,000",45,0,1963,, ,단독,,,11410,16,충정로3가, 
20221014,"1,000",65,0,2022,, ,다가구,,,11410,20,대신동, 
20221015,"1,000",50,0,1995,, ,다가구,,,11410,24,연희동, 
20221024,500,40,0,1988,, ,단독,,,11410,15,창천동, 
20221025,"3,000",35,0,1996,, ,다가구,,,11410,26,연희동, 
20221028,"9,000",0,0,1991,, ,다가구,,,11410,34.35,북아현동, 
20221029,"1,000",65,0,1992,, ,다가구,,,11410,20,북아현동, 
20221031,"1,000",55,0,,, ,단독,,,11410,19.83,옥천동, 
20221031,"17,000",0,0,2005,, ,다가구,,,11410,20,창천동, 
20221031,"1,000",50,0,2002,, ,다가구,,,11410,20,연희동, 
20221103,500,35,0,1996,, ,다가구,,,11410,29.752,남가좌동, 
20221105,"2,000",55,0,2015,, ,다가구,,,11410,44.53,홍제동, 
20221105,300,10,0,1991,, ,다가구,,,11410,30,남가좌동, 
20221108,"9,000",0,0,,, ,단독,,,11410,13.56,남가좌동, 
20221109,"13,000",0,0,1989,, ,단독,,,11410,52.5,북가좌동, 
20221121,"9,000",0,0,1991,, ,다가구,,,11410,40,홍은동, 
20221124,"9,000",0,0,2001,, ,다가구,,,11410,20,창천동, 
20221124,"5,000",60,0,2004,, ,다가구,,,11410,23.1,창천동, 
20221125,"1,000",55,0,2004,, ,다가구,,,11410,20,충정로3가, 
20221126,400,50,0,1994,, ,다가구,,,11410,20,연희동, 
20221207,"1,000",50,0,2005,, ,다가구,,,11410,19,대신동, 
20221214,"8,000",0,0,1990,, ,단독,,,11410,16,대신동, 
20221217,500,40,0,2020,, ,다가구,,,11410,28,남가좌동, 
20221220,500,30,0,2017,, ,단독,,,11410,18.2,홍은동, 
20221220,"1,000",50,0,2018,, ,다가구,,,11410,18,연희동, 
20221220,"3,000",50,0,1984,, ,다가구,,,11410,18,대신동, 
20221221,0,30,0,,, ,다가구,,,11410,19,창천동, 
20221227,"2,000",75,0,2021,, ,다가구,,,11410,19.8,창천동, 
20221230,"3,000",75,0,2013,, ,다가구,,,11410,39.6,북가좌동, 
20221230,"5,000",35,0,1996,, ,단독,,,11410,21.49,창천동, 
20230101,"15,600",0,0,,, ,다가구,,,11410,28,홍제동, 
20230104,"6,000",38,0,1997,, ,다가구,,,11410,22,창천동, 
20230106,"1,000",65,0,2020,, ,다가구,,,11410,18.84,창천동, 
20230107,500,45,0,,, ,단독,,,11410,17,대신동, 
20230110,"1,000",55,0,1991,, ,다가구,,,11410,52.12,연희동, 
20230113,"5,000",37,0,2021,, ,단독,,,11410,19.8,연희동, 
20230117,"3,000",20,0,,, ,다가구,,,11410,17,창천동, 
20230118,500,42,0,,, ,다가구,,,11410,15,연희동, 
20230120,"1,000",55,0,2009,, ,단독,,,11410,23.1,창천동, 
20230125,"1,000",50,0,1967,, ,다가구,,,11410,20,옥천동, 
20230202,"14,000",0,0,2019,, ,다가구,,,11410,18,북아현동, 
20230204,"1,000",45,0,1997,, ,다가구,,,11410,18,연희동, 
20230204,"6,000",20,0,1986,, ,다가구,,,11410,34.41,홍은동, 
20230208,"1,000",64,0,1983,, ,다가구,,,11410,30,연희동, 
20230211,"1,000",50,0,1992,, ,다가구,,,11410,39.66,홍은동, 
20230212,"15,000",0,0,1998,, ,다가구,,,11410,33.27,대신동, 
20230218,"1,000",50,0,,, ,다가구,,,11410,16,홍제동, 
20230218,"6,000",0,0,2011,, ,단독,,,11410,23,대신동, 
20230220,"1,000",55,0,2002,, ,다가구,,,11410,25,북아현동, 
20230221,"10,000",65,0,2009,, ,다가구,,,11410,55,대신동, 
20230301,"1,000",50,0,,, ,다가구,,,11410,21,연희동, 
20230301,300,30,0,,, ,다가구,,,11410,71.77,홍은동, 
20230302,300,30,0,2011,, ,단독,,,11410,13.23,남가좌동, 
20230303,"14,000",0,0,2005,, ,다가구,,,11410,23,창천동, 
20230311,"5,000",0,0,1991,, ,단독,,,11410,33.2,북가좌동, 
20230317,"1,000",58,0,1996,, ,다가구,,,11410,18,연희동, 
20230320,500,30,0,1997,, ,다가구,,,11410,19.8,창천동, 
20230321,"1,000",55,0,1996,, ,다가구,,,11410,32.7,연희동, 
20230329,"1,000",40,0,1998,, ,다가구,,,11410,36.3,홍은동, 
20230329,"1,000",50,0,1995,, ,단독,,,11410,26,창천동, 
20230411,"7,500",10,0,,, ,다가구,,,11410,23.1,북가좌동, 
20230413,"12,000",35,0,2022,, ,다가구,,,11410,32.74,연희동, 
20230415,"2,000",30,0,1995,, ,다가구,,,11410,33.6,북가좌동, 
20230415,"12,000",0,0,1942,, ,단독,,,11410,36.36,북아현동, 
20230418,"12,000",0,0,1994,, ,다가구,,,11410,46,북가좌동, 
20230419,"12,000",0,0,1985,, ,단독,,,11410,42.2,홍제동, 
20230419,"7,000",0,0,1993,, ,다가구,,,11410,20.45,북아현동, 
20230420,"13,000",22,0,1957,, ,단독,,,11410,42.98,충정로3가, 
20230425,"1,000",45,0,2010,, ,다가구,,,11410,17,창천동, 
20230429,"12,500",0,0,2011,, ,다가구,,,11410,20,창천동, 
20230501,400,40,0,1997,, ,다가구,,,11410,29.87,홍은동, 
20230510,"9,000",0,0,2019,, ,단독,,,11410,19.8,북가좌동, 
20230513,"1,000",50,0,1995,, ,다가구,,,11410,20,창천동, 
20230514,"5,000",30,0,2021,, ,다가구,,,11410,49.5,홍은동, 
20230517,"5,000",55,0,1991,, ,다가구,,,11410,48.3,남가좌동, 
20230520,"6,000",0,0,1993,, ,다가구,,,11410,49.67,홍은동, 
20230521,500,55,0,1997,, ,다가구,,,11410,15,연희동, 
20230523,"5,000",30,0,2011,, ,단독,,,11410,23.93,창천동, 
20230526,"12,000",0,0,1994,, ,단독,,,11410,42.84,남가좌동, 
20230527,"2,000",70,0,1992,, ,다가구,,,11410,54.6,천연동, 
20230601,"9,000",35,0,1997,, ,다가구,,,11410,20,창천동, 
20230608,"12,000",20,0,1996,, ,다가구,,,11410,37.81,연희동, 
20230612,"13,000",0,0,,, ,다가구,,,11410,38.02,북아현동, 
20230613,"2,000",60,0,1992,, ,다가구,,,11410,52.77,북아현동, 
20230617,"6,000",23,0,,, ,다가구,,,11410,24,연희동, 
20230622,"1,000",50,0,1997,, ,다가구,,,11410,38.88,연희동, 
20230624,"1,000",45,0,1993,, ,다가구,,,11410,41.44,북가좌동, 
20230624,"10,000",15,0,1997,, ,다가구,,,11410,25,창천동, 
20230630,"9,000",0,0,2002,, ,다가구,,,11410,23.1,연희동, 
20230630,"1,000",50,0,2004,, ,다가구,,,11410,16,창천동, 
20230706,500,50,0,,, ,단독,,,11410,18.5,창천동, 
20230708,"1,000",50,0,,, ,단독,,,11410,16.3,연희동, 
20230710,"22,500",0,0,1989,, ,다가구,,,11410,82.23,북가좌동, 
20230711,500,55,0,1991,, ,단독,,,11410,19,연희동, 
20230712,"20,000",0,0,,, ,다가구,,,11410,45,연희동, 
20230715,"4,000",45,0,,, ,단독,,,11410,20,연희동, 
20230718,"1,000",60,0,1996,, ,다가구,,,11410,21,북가좌동, 
20230719,"2,000",120,0,1991,, ,단독,,,11410,50,창천동, 
20230724,"7,000",0,0,1992,, ,단독,,,11410,38.97,북아현동, 
20230724,500,55,0,2013,, ,다가구,,,11410,18,연희동, 
20230806,"3,000",55,0,,, ,다가구,,,11410,26.4,연희동, 
20230807,"19,000",0,0,,, ,단독,,,11410,73.88,남가좌동, 
20230811,"5,000",40,0,,, ,다가구,,,11410,20,창천동, 
20230813,500,50,0,1991,, ,다가구,,,11410,20,창천동, 
20230826,"3,000",80,0,,, ,단독,,,11410,42.64,연희동, 
20230826,"7,000",10,0,,, ,다가구,,,11410,19.83,창천동, 
20230826,"7,000",0,0,,, ,다가구,,,11410,40,북가좌동, 
20230828,"1,000",70,0,,, ,다가구,,,11410,26.4,연희동, 
20230830,"2,000",60,0,,, ,다가구,,,11410,20,창천동, 
20230831,"1,000",60,0,,, ,단독,,,11410,19.83,충정로2가, 
20230905,"15,000",0,0,,, ,단독,,,11410,49.73,홍은동, 
20230905,"15,000",0,0,,, ,단독,,,11410,49.73,홍은동, 
20230912,500,40,0,,, ,단독,,,11410,15,북가좌동, 
20230916,"1,000",39,0,,, ,다가구,,,11410,17.01,북가좌동, 
20230916,"1,000",50,0,,, ,다가구,,,11410,48.68,북가좌동, 
20230922,"1,000",55,0,,, ,다가구,,,11410,32,옥천동, 
20230922,"3,000",60,0,,, ,단독,,,11410,45,연희동, 
20230926,"13,000",0,0,,, ,다가구,,,11410,52.29,북아현동, 
20230926,"1,000",20,0,,, ,다가구,,,11410,28.23,홍은동, 
20230927,"1,000",60,0,,, ,다가구,,,11410,16.5,연희동, 
20231003,"1,000",40,0,,, ,다가구,,,11410,14,봉원동, 
20231004,"4,000",200,0,1996,, ,다가구,,,11410,91.16,창천동, 
20231012,"12,000",10,0,,, ,단독,,,11410,31.42,홍은동, 
20231015,"5,000",100,0,,, ,단독,,,11410,61.27,연희동, 
20231019,"15,000",0,0,,, ,다가구,,,11410,23.63,창천동, 
20231019,"12,000",18,0,,, ,다가구,,,11410,23.63,창천동, 
20231021,"5,000",120,0,,, ,다가구,,,11410,42,창천동, 
20231024,"2,000",42,0,,, ,다가구,,,11410,29,충정로3가, 
20231025,"8,000",0,0,,, ,다가구,,,11410,33.228,북가좌동, 
20231026,"22,000",0,0,,, ,단독,,,11410,206.94,홍은동, 
20231104,"8,000",30,0,,, ,다가구,,,11410,28,창천동, 
20231117,"1,000",55,0,,, ,다가구,,,11410,20,연희동, 
20231117,"3,000",40,0,,, ,단독,,,11410,19.8,남가좌동, 
20231118,"10,000",45,0,2003,, ,다가구,,,11410,68.12,남가좌동, 
20231120,"9,000",0,0,,, ,다가구,,,11410,24,홍은동, 
20231121,"12,000",0,0,,, ,다가구,,,11410,20,연희동, 
20231124,"8,500",0,0,,, ,다가구,,,11410,19.5,연희동, 
20231124,"8,500",0,0,,, ,다가구,,,11410,19.83,충정로3가, 
20231127,"5,000",67,0,,, ,다가구,,,11410,52.05,창천동, 
20231127,"7,500",0,0,,, ,다가구,,,11410,33,북아현동, 
20231201,"1,000",55,0,2010,, ,단독,,,11410,15,연희동, 
20231209,"1,000",60,0,,, ,다가구,,,11410,43,북가좌동, 
20231209,300,50,0,,, ,단독,,,11410,17,연희동, 
20231212,500,50,0,,, ,단독,,,11410,18.1,연희동, 
20231212,"2,000",50,0,,, ,다가구,,,11410,33.865,천연동, 
20231220,"1,000",55,0,,, ,단독,,,11410,22,냉천동, 
20231223,"3,000",45,0,1996,, ,다가구,,,11410,21,연희동, 
20231227,"1,000",40,0,,, ,단독,,,11410,30,창천동, 
20231227,"11,000",5,0,,, ,단독,,,11410,23.14,북가좌동, 
20231227,"14,000",2,0,,, ,다가구,,,11410,25.5,창천동, 
20240104,"3,500",0,0,1998,, ,다가구,,,11410,17.82,연희동, 
20240105,"1,000",68,0,2020,, ,다가구,,,11410,19.52,창천동, 
20240106,"30,000",0,0,1990,, ,다가구,,,11410,81.81,남가좌동, 
20240107,"7,000",470,0,1965,, ,단독,,,11410,192,창천동, 
20240115,"3,000",20,0,,, ,다가구,,,11410,40,북가좌동, 
20240115,500,47,0,,, ,단독,,,11410,33,연희동, 
20240126,"10,500",0,0,,, ,다가구,,,11410,29.728,대현동, 
20240129,"7,000",15,0,,, ,다가구,,,11410,20,대신동, 
20240130,500,50,0,,, ,다가구,,,11410,18,신촌동, 
20240131,"1,000",50,0,,, ,단독,,,11410,18,연희동, 
20240201,500,30,0,2003,, ,단독,,,11410,16.08,홍은동, 
20240201,500,50,0,1990,24.03~25.03,신규,다가구,,,11410,17.5,대현동, 
20240202,"10,000",0,0,,, ,다가구,,,11410,25,창천동, 
20240202,500,45,0,,, ,다가구,,,11410,18,연희동, 
20240205,"7,000",0,0,,, ,단독,,,11410,15,창천동, 
20240213,"2,000",55,0,1975,24.02~25.02,신규,단독,,,11410,10,창천동, 
20240216,500,43,0,,24.02~25.02,신규,다가구,,,11410,23.14,남가좌동, 
20240216,500,55,0,1995,, ,단독,,,11410,18.15,창천동, 
20240220,"1,000",60,0,1993,, ,다가구,,,11410,12,대신동, 
20240226,"6,000",38,0,1994,, ,다가구,,,11410,44.64,북아현동, 
20240301,"1,000",60,0,1996,, ,다가구,,,11410,35.75,대신동, 
20240309,300,45,0,1996,24.04~25.04,신규,다가구,,,11410,23.14,남가좌동, 
20240310,500,35,0,,, ,다가구,,,11410,27,연희동, 
20240313,"1,000",35,0,,, ,다가구,,,11410,23.1,북가좌동, 
20240316,500,40,0,,, ,단독,,,11410,15,홍제동, 
20240319,"1,000",50,0,1980,, ,단독,,,11410,40,홍제동, 
20240324,"22,000",0,0,1977,24.03~26.03,신규,단독,,,11410,72.73,북가좌동, 
20240328,"11,000",0,0,2020,, ,단독,,,11410,18,남가좌동, 
20240329,500,50,0,1991,, ,다가구,,,11410,15,창천동, 
20240330,"1,000",75,0,,24.05~26.05,신규,다가구,,,11410,50.36,남가좌동, 
20240404,"10,000",20,0,1990,, ,다가구,,,11410,57.03,북아현동, 
20240405,"1,000",100,0,1990,, ,단독,,,11410,41.505,연희동, 
20240413,"10,000",0,0,1993,, ,다가구,,,11410,49.58,홍은동, 
20240415,"17,500",0,0,1988,, ,단독,,,11410,57.9,북가좌동, 
20240418,"13,000",35,0,2003,, ,다가구,,,11410,34.9,연희동, 
20240423,"11,500",0,0,1990,, ,다가구,,,11410,35.088,홍제동, 
20240427,"1,000",58,0,,, ,다가구,,,11410,19,창천동, 
20240427,"1,000",50,0,1991,, ,다가구,,,11410,33,북아현동, 
20240427,"3,000",39,0,2022,, ,단독,,,11410,19.8,홍은동, 
20240429,500,24,0,,, ,단독,,,11410,26.97,남가좌동, 
20240503,"2,000",120,0,1985,, ,단독,,,11410,102,홍제동, 
20240504,500,50,0,1991,, ,다가구,,,11410,15,창천동, 
20240511,"10,000",25,0,,, ,다가구,,,11410,19,창천동, 
20240511,500,35,0,1990,, ,다가구,,,11410,25,북아현동, 
20240511,"6,000",50,0,,, ,다가구,,,11410,51.216,남가좌동, 
20240518,"5,000",16,0,1997,, ,단독,,,11410,21,창천동, 
20240520,500,40,0,,, ,다가구,,,11410,17,신촌동, 
20240521,"1,000",42,0,1973,, ,다가구,,,11410,19.8,홍제동, 
20240523,500,40,0,2013,, ,다가구,,,11410,14,북가좌동, 
20240531,"1,000",60,0,1987,, ,단독,,,11410,18,창천동, 
20240604,"1,000",54,0,1996,, ,다가구,,,11410,29,충정로3가, 
20240606,"1,000",50,0,2009,, ,단독,,,11410,16,연희동, 
20240607,"4,064",20,0,2020,, ,다가구,,,11410,35.44,연희동, 
20240610,"8,000",50,0,2001,, ,다가구,,,11410,51.53,연희동, 
20240611,"2,000",85,0,2004,, ,다가구,,,11410,60,북가좌동, 
20240613,"1,000",68,0,1976,, ,다가구,,,11410,66.116,북가좌동, 
20240620,"1,000",45,0,2010,, ,다가구,,,11410,16,창천동, 
20240620,"1,000",50,0,2000,, ,다가구,,,11410,21.49,연희동, 
20240624,"22,000",0,0,2004,, ,다가구,,,11410,50,창천동, 
20240624,500,45,0,2001,, ,다가구,,,11410,18,대신동, 
20240718,"5,000",60,0,1989,, ,단독,,,11410,82.08,북가좌동, 
20240719,"2,000",130,0,1993,, ,다가구,,,11410,78.8,대신동, 
20240719,"7,000",0,0,1997,, ,다가구,,,11410,20,창천동, 
20240724,"1,000",53,0,2017,, ,다가구,,,11410,20.11,홍은동, 
20240725,"8,000",0,0,1984,, ,단독,,,11410,20,창천동, 
20240725,"4,400",40,0,2003,, ,다가구,,,11410,19.8,충정로3가, 
20240727,"2,000",65,0,2002,, ,단독,,,11410,20,연희동, 
20240728,"1,000",55,0,2014,, ,다가구,,,11410,20,연희동, 
20240729,500,50,0,,, ,단독,,,11410,16,연희동, 
20240731,"1,000",45,0,2010,, ,다가구,,,11410,15,창천동, 
20240803,"7,000",38,0,2017,, ,다가구,,,11410,16,연희동, 
20240809,"4,000",70,0,2001,, ,단독,,,11410,25,연희동, 
20240815,"2,000",45,0,2008,, ,다가구,,,11410,16,창천동, 
20240817,"1,000",60,0,,, ,다가구,,,11410,26,북아현동, 
20240819,500,50,0,1998,, ,단독,,,11410,19.8,창천동, 
20240819,"1,000",50,0,1977,, ,단독,,,11410,46.05,북가좌동, 
20240824,"2,000",40,0,2003,, ,다가구,,,11410,14,창천동, 
20240828,"3,000",60,0,1987,, ,다가구,,,11410,45.9,홍은동, 
20240829,"2,000",100,0,2018,, ,다가구,,,11410,30,북아현동, 
20240831,"36,750",0,0,1975,, ,다가구,,,11410,84.17,연희동, 
20240903,"1,000",58,0,,, ,단독,,,11410,19,창천동, 
20240910,"6,000",0,0,1993,, ,다가구,,,11410,36.45,북아현동, 
20240920,"8,000",0,0,1996,, ,다가구,,,11410,19.836,연희동, 
20240921,"7,000",0,0,2013,, ,다가구,,,11410,19.8,연희동, 
20240922,"9,000",0,0,,, ,다가구,,,11410,13,창천동, 
20240922,"9,000",0,0,2007,, ,다가구,,,11410,13,창천동, 
20240925,"15,000",0,0,,, ,단독,,,11410,23.14,창천동, 
20240925,200,41,0,2012,, ,단독,,,11410,13.24,연희동, 
20240925,"1,500",55,0,1997,, ,다가구,,,11410,48,연희동, 
20240927,"1,000",60,0,1988,, ,다가구,,,11410,50.26,연희동, 
20241001,"3,000",35,0,1997,, ,다가구,,,11410,23,신촌동, 
20241004,"1,000",60,0,1997,, ,다가구,,,11410,19.6,연희동, 
20241012,"2,000",50,0,1994,, ,다가구,,,11410,30,연희동, 
20241019,"12,000",0,0,1966,, ,단독,,,11410,24.09,홍은동, 
20241019,"15,000",0,0,1994,, ,다가구,,,11410,37.08,홍제동, 
20241019,"1,000",30,0,1990,, ,단독,,,11410,33.3,홍은동, 
20241022,"1,000",65,0,2000,, ,다가구,,,11410,30,창천동, 
20241026,"1,000",60,0,1995,, ,다가구,,,11410,32.42,북아현동, 
20241029,"7,000",0,0,1987,, ,단독,,,11410,38.08,홍은동, 
20241029,"3,000",40,0,1995,, ,다가구,,,11410,24,연희동, 
20241109,"3,000",30,0,2013,, ,다가구,,,11410,15,남가좌동, 
20241111,"10,000",0,0,1995,, ,다가구,,,11410,38.1,홍은동, 
20241112,"5,500",0,0,2015,, ,단독,,,11410,14,홍은동, 
20241113,"1,000",120,0,1994,, ,다가구,,,11410,23,연희동, 
20241113,"26,000",0,0,2022,, ,다가구,,,11410,29.28,북가좌동, 
20241119,"2,000",60,0,1998,, ,단독,,,11410,20,창천동, 
20241126,"1,000",60,0,1996,, ,단독,,,11410,21,대신동, 
20241127,500,55,0,1995,, ,다가구,,,11410,30,창천동, 
20241127,"1,000",50,0,1993,, ,다가구,,,11410,36.3,남가좌동, 
20241128,"5,000",25,0,1997,, ,단독,,,11410,23,연희동, 
20241201,"10,200",20,0,1969,, ,단독,,,11410,21.06,홍제동, 
20241205,500,50,0,1996,, ,다가구,,,11410,30,연희동, 
20241209,"1,000",55,0,2019,, ,단독,,,11410,18,홍은동, 
20241211,"14,500",0,0,1995,, ,다가구,,,11410,30,연희동, 
20241214,"13,000",0,0,1988,, ,다가구,,,11410,44.67,홍은동, 
20241214,"1,000",60,0,2017,, ,다가구,,,11410,32.3,북아현동, 
20241216,"3,000",30,0,2003,, ,다가구,,,11410,17,연희동, 
20241217,"11,000",0,0,1968,, ,단독,,,11410,67.11,북가좌동, 
20241221,"9,000",20,0,1996,, ,다가구,,,11410,33.276,천연동, 
20241228,"1,000",65,0,2000,, ,다가구,,,11410,30,창천동, 
