buildYear,contractTerm,contractType,dealDay,dealMonth,dealYear,deposit,excluUseAr,floor,houseType,jibun,mhouseNm,monthlyRent,preDeposit,preMonthlyRent,sggCd,umdNm,useRRRight
2002,, ,16,1,2020,500,36.21,3,다세대,265-71,화이트빌8,48,,,11410,홍은동, 
2018,, ,18,1,2020,"34,000",41.93,4,다세대,295-37,한신갤러리시그니처,0,,,11410,북가좌동, 
2012,, ,8,1,2020,500,16.76,3,다세대,324-13,라온빌,53,,,11410,남가좌동, 
2019,, ,13,1,2020,983,63.04,3,연립다세대,466,청년미래공동체주택(임대),13,,,11410,홍은동, 
2019,, ,13,1,2020,"1,388",59.29,5,연립다세대,466,청년미래공동체주택(임대),18,,,11410,홍은동, 
2015,, ,31,1,2020,"16,000",29.28,5,다세대,98-20,금화팰리스,0,,,11410,천연동, 
2018,, ,7,1,2020,"10,000",38.37,3,다세대,27-2,서대문은옥재,30,,,11410,냉천동, 
2016,, ,19,1,2020,"5,000",55.5,5,다세대,136-30,연희휴니스빌,100,,,11410,연희동, 
2019,, ,31,1,2020,"14,000",21.1,4,다세대,10-236,미소지움,0,,,11410,홍은동, 
2018,, ,30,1,2020,"23,000",21,8,다세대,90-35,이대다올노블리움2차(비동),0,,,11410,대현동, 
2018,, ,11,2,2020,"18,000",23.99,4,다세대,398-1,빛나는빌드,0,,,11410,홍은동, 
2015,, ,11,2,2020,"13,000",22.67,2,다세대,724-29,금창빌라,0,,,11410,연희동, 
2019,, ,22,2,2020,"15,000",22.65,3,다세대,10-310,미소지움105동,0,,,11410,홍은동, 
2017,, ,12,2,2020,"30,000",59.9,4,다세대,351-16,금정빌딩,0,,,11410,북가좌동, 
2013,, ,10,2,2020,"30,500",59.94,3,연립,68-40,(68-40),0,,,11410,창천동, 
2019,, ,8,2,2020,"29,000",42.42,4,다세대,136-1,제니스빌,0,,,11410,홍제동, 
2015,, ,26,2,2020,"12,500",24.06,4,다세대,724-29,금창빌라,0,,,11410,연희동, 
2010,, ,24,2,2020,"13,800",29.35,5,다세대,274-13,신일아트빌,0,,,11410,북가좌동, 
2003,, ,15,2,2020,"10,000",41.76,1,연립,136,혜성빌,30,,,11410,대신동, 
2002,, ,18,2,2020,"3,000",58.68,3,다세대,194-55,연훈빌라,50,,,11410,연희동, 
2002,, ,19,3,2020,"20,000",58.38,4,다세대,1-71,예우빌리지B동,0,,,11410,북아현동, 
2010,, ,21,3,2020,"1,000",64.05,2,다세대,3-14,진에쉐르,40,,,11410,북가좌동, 
2013,, ,7,3,2020,"10,000",29.96,5,다세대,340-32,진성아트빌,30,,,11410,북가좌동, 
1994,, ,31,3,2020,"32,000",108.55,4,다세대,446-321,명성빌라(446-321),0,,,11410,연희동, 
2006,, ,31,3,2020,"3,000",54.05,4,연립,5-100,에이스빌(5-100),50,,,11410,북가좌동, 
2006,, ,31,3,2020,"3,000",54.05,4,연립,5-100,에이스빌(5-100),50,,,11410,북가좌동, 
2012,, ,21,3,2020,500,46.64,4,다세대,100-77,쎈스빌,60,,,11410,창천동, 
2019,, ,30,3,2020,"27,500",24.98,12,다세대,400-3,디에이원파크,0,,,11410,홍은동, 
2013,, ,23,3,2020,"24,000",44.23,2,다세대,413-34,동부홈타운,0,,,11410,홍은동, 
2013,, ,18,3,2020,"2,000",20,2,다세대,37-4,서호빌,55,,,11410,충정로2가, 
2019,, ,27,4,2020,"1,441",52.65,2,다세대,466,청년미래공동체주택(임대),19,,,11410,홍은동, 
2012,, ,27,4,2020,500,13.69,1,다세대,100-77,쎈스빌,55,,,11410,창천동, 
1991,, ,25,4,2020,"11,000",47.34,2,연립,265-166,세신빌라,0,,,11410,홍은동, 
2015,, ,24,4,2020,"12,000",28,2,다세대,2-11,위산렉스빌(2-11),15,,,11410,북가좌동, 
2017,, ,7,4,2020,"26,000",49.42,4,다세대,277-5,삼성캐슬,0,,,11410,홍제동, 
2015,, ,30,4,2020,"25,000",49.855,4,다세대,5-24,동하아트빌(5-24),0,,,11410,북가좌동, 
2015,, ,27,4,2020,"16,275",23.1,3,다세대,724-29,금창빌라,0,,,11410,연희동, 
2018,, ,25,4,2020,"20,000",35.33,3,다세대,347-36,에코빌,0,,,11410,북가좌동, 
2013,, ,22,4,2020,"12,000",26.25,2,다세대,265-492,루미아트B동,0,,,11410,홍은동, 
2007,, ,4,4,2020,"12,300",40.58,2,다세대,3-109,세종빌리지2차(3-109),0,,,11410,북가좌동, 
2016,, ,30,5,2020,"20,000",28.92,2,다세대,345-1,엘렌시아,0,,,11410,북가좌동, 
2014,, ,15,5,2020,"11,000",23.54,5,다세대,321-11,창안아트빌,0,,,11410,북가좌동, 
2017,, ,30,5,2020,"20,000",34.5,5,다세대,412-17,해피리움,0,,,11410,홍은동, 
2017,, ,23,5,2020,"16,000",29.75,2,다세대,436-6,북한산홍은빌,0,,,11410,홍은동, 
2002,, ,30,5,2020,"22,000",39.11,3,다세대,501-4,심스빌,0,,,11410,창천동, 
2017,, ,30,5,2020,"20,000",34.5,5,다세대,412-17,해피리움,0,,,11410,홍은동, 
2007,, ,29,5,2020,"13,000",38,5,다세대,3-109,세종빌리지2차(3-109),0,,,11410,북가좌동, 
2018,, ,30,5,2020,"17,800",29.82,2,다세대,329-14,빌리브케슬,0,,,11410,북가좌동, 
2003,, ,30,5,2020,"15,200",46.7,2,다세대,312-19,오크빌,3,,,11410,홍제동, 
2017,, ,27,5,2020,"26,700",59.9,3,다세대,351-16,금정빌딩,0,,,11410,북가좌동, 
2015,, ,15,6,2020,"5,000",17.98,2,다세대,319,라임빌,30,,,11410,창천동, 
2015,, ,27,6,2020,"12,000",23.74,4,다세대,724-29,금창빌라,0,,,11410,연희동, 
1992,, ,25,6,2020,"9,000",33.91,1,다세대,287-118,(287-118),0,,,11410,홍제동, 
2018,, ,16,6,2020,"37,000",46.07,4,다세대,48-11,블레어빌,0,,,11410,연희동, 
2018,, ,6,6,2020,"24,500",50.96,2,다세대,3-101,로운힐(A동),0,,,11410,북가좌동, 
2018,, ,6,6,2020,"18,000",29.69,4,다세대,3-101,로운힐(A동),0,,,11410,북가좌동, 
1995,, ,8,6,2020,"6,300",22.77,1,다세대,1-44,(1-44),0,,,11410,북아현동, 
2015,, ,1,6,2020,"19,000",33.45,4,다세대,156-477,하우스인,0,,,11410,홍제동, 
1993,, ,20,6,2020,"20,000",84.24,1,연립,208-2,스위스빌리지,0,,,11410,홍은동, 
2003,, ,13,6,2020,"6,000",17.64,4,다세대,350-20,신안월드(350-20),0,,,11410,북가좌동, 
2004,, ,4,7,2020,"22,000",84.22,1,다세대,268-4,시티빌,0,,,11410,홍은동, 
1988,, ,29,7,2020,"11,000",51.8,1,다세대,74-182,(74-182),0,,,11410,북가좌동, 
2015,, ,3,7,2020,"32,800",50.41,4,다세대,365,현대하이츠,0,,,11410,창천동, 
1992,, ,25,7,2020,"13,900",55.08,3,다세대,265-151,성원빌라,0,,,11410,홍은동, 
2020,, ,9,7,2020,"35,000",29.99,4,다세대,86-11,더클래스,0,,,11410,연희동, 
2002,, ,30,7,2020,"20,000",68.93,4,연립다세대,123-64,세종화이트빌,0,,,11410,북아현동, 
2003,, ,17,7,2020,500,15.19,2,다세대,29,서문빌리지,48,,,11410,연희동, 
1991,, ,24,7,2020,"14,000",45.62,2,다세대,400-27,송강,0,,,11410,홍은동, 
2016,, ,23,7,2020,"20,000",29.66,5,다세대,345-1,엘렌시아,0,,,11410,북가좌동, 
2016,, ,14,7,2020,"23,000",33.32,3,다세대,265-426,예가크레시아,0,,,11410,홍은동, 
2015,, ,8,8,2020,"29,000",54.27,3,다세대,277-56,네오비스타2,0,,,11410,홍은동, 
2015,, ,18,8,2020,"18,000",29.99,3,다세대,294-29,카리스글로리아(294-29),0,,,11410,북가좌동, 
2013,, ,11,8,2020,"1,000",12.87,3,다세대,407-5,프라임하우스,42,,,11410,홍은동, 
2020,, ,5,8,2020,"46,000",53.71,2,다세대,86-11,더클래스,0,,,11410,연희동, 
2019,, ,9,8,2020,"26,500",29.75,2,다세대,295-1,연희궁의아침(천동),0,,,11410,연희동, 
1989,, ,31,8,2020,"8,000",39.22,-1,다세대,32-51,(32-51),0,,,11410,충정로3가, 
2020,, ,26,8,2020,"8,000",31.86,2,다세대,413-45,(413-45),38,,,11410,홍은동, 
2012,, ,29,8,2020,"1,000",12.01,2,다세대,150,이대역마에스트로,60,,,11410,대현동, 
2001,, ,12,8,2020,"22,000",69.11,2,다세대,3-11,미래그린빌라,0,,,11410,북가좌동, 
2020,, ,26,8,2020,"8,000",31.86,2,다세대,413-45,(413-45),38,,,11410,홍은동, 
2013,, ,17,9,2020,"1,411",14.21,4,다세대,407-24,르비앙휴,8,,,11410,홍은동, 
2020,, ,28,9,2020,"24,900",29.46,3,다세대,3-38,바움샤인빌,0,,,11410,북가좌동, 
2020,, ,28,9,2020,"24,900",29.46,3,다세대,3-38,바움샤인빌,0,,,11410,북가좌동, 
2012,, ,28,9,2020,"18,350",37.03,5,다세대,103-3,첼시하우스,0,,,11410,연희동, 
2019,, ,16,9,2020,"20,500",29.92,2,다세대,397-35,명지빌라트,0,,,11410,홍은동, 
2007,, ,11,9,2020,"4,000",24.6,3,다세대,229-1,창천율도국인103동,40,,,11410,창천동, 
2003,, ,1,9,2020,"17,500",43.08,1,다세대,313-27,현대그린빌라드,0,,,11410,홍제동, 
2002,, ,18,9,2020,"19,000",52.27,2,다세대,367-6,동현아트빌,0,,,11410,북가좌동, 
2020,, ,11,9,2020,"26,500",21.28,5,다세대,347,어반스테이,0,,,11410,창천동, 
2019,, ,12,9,2020,"36,000",46.2,9,다세대,142-21,연희미다스파크,0,,,11410,연희동, 
2011,, ,22,10,2020,"1,000",12.69,2,다세대,370,아트빌리지,60,,,11410,창천동, 
2015,, ,12,10,2020,"26,000",39.77,4,다세대,100-5,금반석시티빌39차,0,,,11410,창천동, 
2020,, ,6,10,2020,"26,500",24.31,5,다세대,347,어반스테이,0,,,11410,창천동, 
2015,, ,23,10,2020,"17,325",22.96,3,다세대,724-29,금창빌라,0,,,11410,연희동, 
2019,, ,6,10,2020,"14,000",22.09,5,다세대,339-9,태양아트빌,0,,,11410,남가좌동, 
2011,, ,8,10,2020,"1,000",13.38,2,다세대,370,아트빌리지,60,,,11410,창천동, 
2014,, ,5,10,2020,"23,000",49.49,2,다세대,347-42,영주아트빌(347-42),0,,,11410,북가좌동, 
2020,, ,6,10,2020,"26,500",24.31,5,다세대,347,어반스테이,0,,,11410,창천동, 
2018,, ,20,10,2020,"21,000",29.81,3,다세대,10-183,아르떼빌(10-183),0,,,11410,홍은동, 
2013,, ,27,10,2020,"7,000",15.48,4,다세대,410-19,그레이스하우스,15,,,11410,홍은동, 
2003,, ,10,11,2020,"4,000",42.37,1,다세대,122-2,프라임하우스,60,,,11410,대신동, 
2019,, ,14,11,2020,"36,000",46.86,2,다세대,142-21,연희미다스파크,0,,,11410,연희동, 
2015,, ,11,11,2020,"7,000",27.36,5,다세대,170-178,현대아트빌,20,,,11410,연희동, 
2017,, ,18,11,2020,"2,000",29.61,3,다세대,314-46,현대렉스빌,70,,,11410,북가좌동, 
2017,, ,7,11,2020,"20,000",29.94,4,다세대,314-46,현대렉스빌,0,,,11410,북가좌동, 
2014,, ,3,11,2020,"18,000",26.95,4,다세대,318-26,클라우드빌1,15,,,11410,홍제동, 
2017,, ,10,11,2020,"23,000",46.1,2,다세대,170-164,네오필드,0,,,11410,연희동, 
2019,, ,7,11,2020,"5,000",56.23,4,다세대,30-19,스카이뷰,25,,,11410,연희동, 
2010,, ,3,11,2020,"29,000",52.76,3,다세대,1-333,한양홈타운,0,,,11410,북아현동, 
2019,, ,30,11,2020,"22,000",29.86,2,다세대,10-236,미소지움,0,,,11410,홍은동, 
2018,, ,10,12,2020,"3,000",15.71,9,다세대,37-24,이대프리젠#4,57,,,11410,대현동, 
2017,, ,23,12,2020,"8,816",23.52,3,다세대,388,녹색친구들창천,16,,,11410,창천동, 
2015,, ,7,12,2020,"10,000",37.27,5,다세대,320-11,유일빌리지,0,,,11410,북가좌동, 
2018,, ,19,12,2020,"22,500",25.69,4,다세대,413-36,서경팰리스,0,,,11410,홍은동, 
2020,, ,7,12,2020,"26,000",22.44,3,다세대,347,어반스테이,0,,,11410,창천동, 
2002,, ,8,12,2020,"26,250",48.34,4,연립,340-29,샬롬아트빌,0,,,11410,연희동, 
2015,, ,1,12,2020,"49,000",50.41,2,다세대,365,현대하이츠,0,,,11410,창천동, 
2014,, ,12,12,2020,"28,000",45.32,4,다세대,312-30,비주얼아트빌,0,,,11410,북가좌동, 
2020,, ,14,12,2020,"26,500",22.68,4,다세대,347,어반스테이,0,,,11410,창천동, 
1996,, ,14,12,2020,"14,000",45.9,2,다세대,126,(126-0),0,,,11410,옥천동, 
2011,, ,23,1,2021,500,21.6,4,다세대,43-1,화이트빌,65,,,11410,연희동, 
2011,, ,31,1,2021,"1,000",13.38,3,다세대,370,아트빌리지,65,,,11410,창천동, 
2002,, ,29,1,2021,"10,500",31.68,5,다세대,151-13,에이스주택,0,,,11410,남가좌동, 
2002,, ,9,1,2021,"15,500",42.4,2,연립,126-2,그랜드힐,0,,,11410,대신동, 
2018,, ,9,1,2021,"22,000",22.1,7,연립다세대,90-35,이대다올노블리움2차(비동),0,,,11410,대현동, 
2002,, ,9,1,2021,"22,000",42.4,2,연립,126-2,그랜드힐,0,,,11410,대신동, 
2008,, ,7,1,2021,"14,000",38.055,2,다세대,170-129,홍연하이츠빌,0,,,11410,연희동, 
2011,, ,29,1,2021,"22,000",67.11,3,다세대,190-9,롯데그린빌라,0,,,11410,홍은동, 
1998,, ,23,1,2021,"22,000",70.24,2,다세대,123-67,아림빌라,0,,,11410,북아현동, 
2021,, ,14,1,2021,"1,120",61.03,2,다세대,88-30,(88-30),24,,,11410,연희동, 
2015,, ,22,2,2021,"20,000",28.29,2,다세대,724-29,금창빌라,0,,,11410,연희동, 
2021,, ,20,2,2021,"27,000",27.82,3,다세대,1-20,대림에코빌(1-20),0,,,11410,북가좌동, 
2002,, ,2,2,2021,"24,000",53.73,1,다세대,446-331,예지원A동,0,,,11410,연희동, 
2016,, ,19,2,2021,"5,000",35.81,5,다세대,10-197,해밀마을2차,60,,,11410,홍은동, 
2017,, ,15,2,2021,"17,000",26.16,4,다세대,265-416,대호아트빌,0,,,11410,홍은동, 
2002,, ,2,2,2021,"24,000",53.73,1,다세대,446-331,예지원A동,0,,,11410,연희동, 
2014,21.02~23.02,갱신,20,2,2021,"29,400",59.74,3,다세대,89-24,연희애가,0,"28,000",,11410,연희동, 
1978,21.02~23.02,신규,16,2,2021,"2,000",35.36,1,연립,266-250,(266-250),40,,,11410,홍제동, 
2013,, ,20,2,2021,"5,000",17.32,3,다세대,266-99,써니힐스,12,,,11410,홍제동, 
1976,, ,16,2,2021,"16,800",44.17,1,다세대,300-1,(300-1),0,,,11410,홍제동, 
2016,, ,24,3,2021,"2,000",28,5,다세대,310-4,경성하이빌(310-4),60,,,11410,북가좌동, 
2018,, ,17,3,2021,"31,500",49.39,4,다세대,134-2,제니스빌(134-2),0,,,11410,홍제동, 
2007,, ,12,3,2021,"5,000",23.04,3,다세대,229-1,창천율도국인103동,43,,,11410,창천동, 
2021,, ,12,3,2021,"22,000",27.82,3,다세대,1-20,대림에코빌(1-20),0,,,11410,북가좌동, 
2021,, ,22,3,2021,"27,500",29.92,2,다세대,1-20,대림에코빌(1-20),0,,,11410,북가좌동, 
2018,, ,29,3,2021,"33,000",35.8,6,다세대,382-9,더-아무르,0,,,11410,남가좌동, 
2020,, ,20,3,2021,"18,500",26.65,5,다세대,402-30,수현프리모,0,,,11410,홍은동, 
2011,, ,10,3,2021,"3,000",12.87,4,다세대,90-46,연세힐하우스,40,,,11410,창천동, 
1986,21.04~23.04,신규,30,3,2021,"9,000",64.8,3,연립,168,삼성빌라,0,,,11410,연희동, 
1994,, ,25,3,2021,"57,750",129.43,1,연립,45-23,연희현대빌라(1동~3동),0,,,11410,연희동, 
2013,, ,7,4,2021,500,13.86,2,다세대,410-19,그레이스하우스,35,,,11410,홍은동, 
2015,, ,19,4,2021,"18,500",29.96,2,다세대,294-25,카리스글로리아2,0,,,11410,북가좌동, 
2018,, ,11,4,2021,"3,000",22.26,10,다세대,90-42,이대다올노블리움2차(에이동),75,,,11410,대현동, 
2018,, ,17,4,2021,"27,000",28.54,4,다세대,48-11,블레어빌,0,,,11410,연희동, 
2015,, ,17,4,2021,"8,500",17.09,1,다세대,156-477,하우스인,0,,,11410,홍제동, 
2018,, ,6,4,2021,"25,700",27.28,4,다세대,338-4,만민하늘애,0,,,11410,북가좌동, 
2020,, ,3,4,2021,"15,000",28.56,2,다세대,279-45,홍제더힐스,0,,,11410,홍제동, 
2019,, ,2,4,2021,"25,000",27.13,4,다세대,136-1,제니스빌,0,,,11410,홍제동, 
1991,, ,5,4,2021,"15,000",73.17,-1,다세대,1-388,우신빌라3차,0,,,11410,북아현동, 
1991,, ,15,4,2021,"13,000",54.15,2,다세대,279-25,(279-25),0,,,11410,홍제동, 
1987,, ,20,5,2021,"20,000",71.34,3,다세대,355,금호,0,,,11410,홍은동, 
2010,, ,14,5,2021,"26,000",65.14,2,다세대,327-43,세명파크빌,0,,,11410,남가좌동, 
2018,, ,19,5,2021,"25,000",29.52,2,다세대,295-37,한신갤러리시그니처,0,,,11410,북가좌동, 
2016,, ,29,5,2021,"18,000",34.5,5,다세대,10-197,해밀마을2차,0,,,11410,홍은동, 
2015,, ,30,5,2021,"17,850",29.47,3,다세대,291-7,제이드빌,0,,,11410,북가좌동, 
2013,, ,29,5,2021,"14,000",24.94,4,다세대,265-112,루미아트A동,0,,,11410,홍은동, 
2002,, ,24,5,2021,"10,000",63.12,3,다세대,325-55,유원파크빌,45,,,11410,남가좌동, 
2002,, ,21,5,2021,"7,000",45.21,3,연립,126-2,그랜드힐,60,,,11410,대신동, 
2009,, ,7,5,2021,"18,000",35.86,5,다세대,268-41,인욱빌4차,0,,,11410,홍제동, 
2019,, ,20,5,2021,"40,000",43.86,4,다세대,1-340,힐스타빌리지3차,0,,,11410,북아현동, 
2011,, ,29,6,2021,"4,000",12.87,2,다세대,90-46,연세힐하우스,35,,,11410,창천동, 
2013,, ,11,6,2021,"10,800",20.81,4,다세대,265-492,루미아트B동,0,,,11410,홍은동, 
2011,, ,20,6,2021,"3,000",15.51,1,다세대,344-146,원캐슬,40,,,11410,연희동, 
2018,, ,18,6,2021,"23,100",33.06,2,다세대,46-5,정다운집,0,,,11410,연희동, 
2013,, ,10,6,2021,"20,000",48.09,3,다세대,340-31,수진에코빌,0,,,11410,북가좌동, 
2013,, ,10,6,2021,"20,000",48.09,3,다세대,340-31,수진에코빌,0,,,11410,북가좌동, 
2013,, ,10,6,2021,"20,000",48.09,3,다세대,340-31,수진에코빌,0,,,11410,북가좌동, 
2020,, ,6,6,2021,"16,000",28.56,3,다세대,279-45,홍제더힐스,0,,,11410,홍제동, 
2013,, ,11,6,2021,"10,800",20.81,4,다세대,265-492,루미아트B동,0,,,11410,홍은동, 
2014,, ,1,6,2021,"16,000",26.74,5,다세대,310-11,신우에코밸리,0,,,11410,북가좌동, 
2017,, ,31,7,2021,"41,000",43.48,3,다세대,1-446,이화노블레스3차,0,,,11410,북아현동, 
2002,, ,7,7,2021,"7,000",22.41,4,다세대,332-6,홍은동퀸스빌,0,,,11410,홍은동, 
2019,, ,30,7,2021,"9,000",59.63,2,다세대,30-19,스카이뷰,0,,,11410,연희동, 
1980,, ,21,7,2021,"15,000",52.73,3,연립,266-3,제일주택,0,,,11410,홍제동, 
1991,, ,14,7,2021,"12,000",53.6,1,다세대,10-233,"청구그린빌라(A,B동)",0,,,11410,홍은동, 
1990,, ,23,7,2021,"13,000",35.5,2,다세대,402-12,현일,0,,,11410,홍은동, 
2018,, ,5,7,2021,"44,550",42.88,5,다세대,48-11,블레어빌,0,,,11410,연희동, 
1995,21.09~23.09,신규,5,7,2021,"10,200",59.65,-1,다세대,368-1,배명하이츠,0,,,11410,북가좌동, 
2018,21.08~23.08,갱신,12,7,2021,"21,360",29.91,3,다세대,46-5,정다운집,15,"20,000",15,11410,연희동, 
2019,21.07~23.09,신규,30,7,2021,900,20.13,2,다세대,42-20,퍼즈하우스(PuzzHouse),54,,,11410,연희동, 
1985,, ,14,8,2021,"10,000",62.01,3,연립,188-29,삼성빌라,30,,,11410,홍은동, 
2003,, ,31,8,2021,"15,300",58.82,1,다세대,5-188,정원빌라D동,0,,,11410,북가좌동, 
2013,, ,27,8,2021,"12,000",21.75,3,다세대,265-112,루미아트A동,5,,,11410,홍은동, 
1985,, ,27,8,2021,"13,000",62.01,3,연립,188-29,삼성빌라,0,,,11410,홍은동, 
2020,, ,18,8,2021,"12,000",49.55,1,다세대,6-12,두나미스하우스,65,,,11410,연희동, 
2019,, ,23,8,2021,"27,000",29.49,4,다세대,295-1,연희궁의아침(천동),0,,,11410,연희동, 
1987,, ,19,8,2021,"10,000",34.47,1,연립,9-75,금강빌라,0,,,11410,홍제동, 
2012,, ,11,8,2021,100,12.01,3,연립,150,이대역마에스트로,60,,,11410,대현동, 
1969,, ,17,8,2021,"20,000",70.79,3,연립,32-9,산한일빌라,0,,,11410,충정로3가, 
1991,, ,3,8,2021,"8,000",40.95,2,연립,8-35,"초원빌라(8-35가,나동)",0,,,11410,홍은동, 
2018,, ,28,9,2021,"6,078",52.82,3,다세대,472,주함해븐빌,19,,,11410,홍제동, 
2012,, ,13,9,2021,"15,000",33.39,4,다세대,9-213,세명그린빌,0,,,11410,홍은동, 
1986,, ,25,9,2021,"10,000",64.8,2,연립,168,삼성빌라,100,,,11410,연희동, 
2020,, ,2,9,2021,"27,800",29.99,3,다세대,325-7,트라움하임홍은,0,,,11410,홍은동, 
2011,, ,4,9,2021,"28,000",54.18,1,다세대,537-110,골드클래스,0,,,11410,연희동, 
2009,, ,2,9,2021,"18,000",60.305,2,다세대,277-10,에코빌(3차),45,,,11410,북가좌동, 
2016,, ,6,9,2021,"19,000",49.13,3,다세대,300-18,우진그랜드파크,0,,,11410,북가좌동, 
2011,21.10~22.10,신규,23,9,2021,"7,000",12,2,다세대,4-109,(4-109),0,,,11410,창천동, 
1991,21.11~23.11,갱신,4,9,2021,"22,000",50.82,2,연립,132-57,연희파레스(132-57),0,"21,000",,11410,연희동,사용
2001,21.09~23.09,신규,4,9,2021,500,22.89,1,다세대,501-1,(501-1),60,,,11410,창천동, 
1986,, ,2,10,2021,"43,000",82.17,3,다세대,168,삼성빌라,0,,,11410,연희동, 
2007,, ,30,10,2021,"13,000",58.32,4,다세대,144-2,율도국인(304동),0,,,11410,창천동, 
2014,, ,30,10,2021,"23,100",37.95,3,다세대,310-11,신우에코밸리,0,,,11410,북가좌동, 
2020,, ,23,10,2021,"29,800",27.51,7,다세대,168-2,진성위메이드,0,,,11410,홍은동, 
1985,, ,24,10,2021,"27,000",84.51,1,연립,188-29,삼성빌라,0,,,11410,홍은동, 
2016,, ,3,10,2021,"2,000",28.65,3,다세대,411-20,글로리하우스,65,,,11410,홍은동, 
1985,, ,16,10,2021,"16,000",62.01,1,연립,188-29,삼성빌라,0,,,11410,홍은동, 
1991,,갱신,18,10,2021,"12,800",50.2,-1,다세대,266-131,한덕빌라,10,"12,800",5,11410,홍제동, 
2017,21.11~23.11,신규,27,10,2021,"7,953",23.52,3,다세대,388,녹색친구들창천,18,,,11410,창천동, 
2002,21.10~23.10,신규,23,10,2021,"5,000",56.4,-1,다세대,70-10,영천빌라,60,,,11410,영천동, 
2019,, ,23,11,2021,"3,987",30.93,3,다세대,466,청년미래공동체주택(임대),9,,,11410,홍은동, 
2003,, ,22,11,2021,"3,000",78.56,2,다세대,407-4,대성아트빌,110,,,11410,홍은동, 
2003,, ,22,11,2021,"3,000",78.56,2,다세대,407-4,대성아트빌,110,,,11410,홍은동, 
2002,, ,16,11,2021,"45,000",84.29,4,연립다세대,458,금송힐스빌,0,,,11410,홍은동, 
2018,, ,13,11,2021,"36,000",53.83,2,다세대,48-11,블레어빌,0,,,11410,연희동, 
2016,, ,12,11,2021,"27,300",44.06,3,다세대,73-23,청마스마트빌,0,,,11410,남가좌동, 
2019,, ,13,11,2021,"28,300",27.13,5,다세대,136-1,제니스빌,0,,,11410,홍제동, 
2013,, ,4,11,2021,"11,000",21.95,2,다세대,265-112,루미아트A동,0,,,11410,홍은동, 
2007,21.11~23.11,신규,19,11,2021,"2,000",113.79,-1,다세대,170-1,율도국인(201동),60,,,11410,창천동, 
2018,21.12~23.12,신규,24,11,2021,"5,000",29.86,5,다세대,330-298,정익1977,60,,,11410,홍제동, 
2014,, ,27,12,2021,"5,000",15.4725,2,다세대,340-12,아라하우스,60,,,11410,연희동, 
2017,, ,16,12,2021,"12,000",26.86,4,다세대,1-396,센텀시티3차(1-396),0,,,11410,북아현동, 
2014,, ,28,12,2021,200,17.89,3,다세대,5-92,주영테크빌,17,,,11410,북가좌동, 
2018,, ,13,12,2021,100,29.13,2,다세대,407-10,형지팰리스,21,,,11410,홍은동, 
2019,, ,14,12,2021,"22,000",28.04,2,다세대,74-89,더플레이스,0,,,11410,북가좌동, 
2019,, ,3,12,2021,"16,500",21.2,2,다세대,10-310,미소지움105동,0,,,11410,홍은동, 
2011,, ,1,12,2021,"20,000",47.52,3,다세대,344-27,영주아트빌,0,,,11410,북가좌동, 
2019,, ,3,12,2021,"16,500",21.2,2,다세대,10-310,미소지움105동,0,,,11410,홍은동, 
2021,, ,11,12,2021,"29,000",28.83,2,다세대,1-380,이안휴빌,0,,,11410,북아현동, 
2011,21.12~22.12,신규,6,12,2021,"3,000",12,5,다세대,4-109,(4-109),30,,,11410,창천동, 
2018,, ,14,1,2022,"41,500",37.72,6,다세대,413-36,서경팰리스,0,,,11410,홍은동, 
1995,, ,16,1,2022,"20,000",106.79,2,연립,321-3,도시하우스,20,,,11410,홍제동, 
2009,, ,21,1,2022,"5,000",68.51,3,다세대,129,언제나미소,30,,,11410,창천동, 
1980,, ,28,1,2022,"14,672",52.73,4,연립,266-3,제일주택,0,,,11410,홍제동, 
2019,, ,29,1,2022,"17,300",22.65,3,다세대,10-310,미소지움105동,0,,,11410,홍은동, 
2019,, ,11,1,2022,"10,000",59.63,2,다세대,30-19,스카이뷰,0,,,11410,연희동, 
2012,, ,19,1,2022,"5,000",21.36,5,다세대,322-13,드림캐슬3,30,,,11410,남가좌동, 
2012,, ,25,1,2022,"8,000",28.65,2,다세대,397-29,골드클래스,25,,,11410,홍은동, 
2015,, ,22,1,2022,"13,000",28.875,3,다세대,10-230,스마트빌,20,,,11410,홍은동, 
1985,, ,19,1,2022,"10,000",45.96,1,연립,141-34,동진빌라,30,,,11410,연희동, 
2014,, ,23,2,2022,200,17.5,2,다세대,5-92,주영테크빌,17,,,11410,북가좌동, 
2018,, ,26,2,2022,"21,000",29.66,2,다세대,329-14,빌리브케슬,0,,,11410,북가좌동, 
2021,, ,15,2,2022,"39,000",39.75,3,다세대,1-1644,힐스타빌리지4차,0,,,11410,북아현동, 
2019,, ,28,2,2022,"23,300",29.39,5,다세대,313-19,신안휴먼타운,0,,,11410,북가좌동, 
2007,, ,25,2,2022,"17,000",24.08,2,다세대,232,창천율도국인104동,0,,,11410,창천동, 
1998,, ,25,2,2022,"14,000",59.66,2,다세대,265-67,홍은시티빌,0,,,11410,홍은동, 
2021,, ,21,2,2022,"24,000",29.72,2,다세대,315-36,북가좌휴먼타운,0,,,11410,북가좌동, 
2007,, ,4,2,2022,"11,500",23.62,4,다세대,229-1,창천율도국인103동,8,,,11410,창천동, 
2018,22.02~24.02,신규,22,2,2022,"31,500",46.38,2,다세대,76-5,(76-5),0,,,11410,연희동, 
2016,22.03~23.03,신규,17,2,2022,500,25.11,2,다세대,409-50,(409-50),40,,,11410,홍은동, 
2018,, ,20,3,2022,"40,000",54.31,3,다세대,382-9,더-아무르,0,,,11410,남가좌동, 
2015,, ,8,3,2022,"32,550",42.41,5,다세대,1-402,에코타운,0,,,11410,북아현동, 
2011,, ,25,3,2022,"17,000",51.67,4,다세대,191-32,동아그린빌,0,,,11410,홍은동, 
2018,22.03~24.03,갱신,19,3,2022,"21,000",24.04,4,다세대,124-1,모두가,0,"20,000",,11410,대신동, 
2018,22.03~24.03,신규,30,3,2022,"20,000",40.24,1,다세대,76-5,(76-5),0,,,11410,연희동, 
2000,22.03~23.02,신규,1,3,2022,500,75.77,3,다세대,42-13,(42-13),40,,,11410,연희동, 
1985,22.04~24.04,신규,10,3,2022,"16,000",35.1,2,다세대,733,(733-0),0,,,11410,연희동, 
1998,22.04~24.03,신규,15,3,2022,500,48.22,1,다세대,380-6,(380-6),50,,,11410,북가좌동, 
2003,23.03~25.03,갱신,21,3,2022,"27,200",80.66,2,다세대,1-433,추계아트빌A,0,"26,200",,11410,북아현동,사용
2013,22.04~23.04,갱신,27,3,2022,"3,000",40.61,3,다세대,325-8,영주아트빌,55,"3,000",50,11410,북가좌동, 
2018,, ,23,4,2022,"22,000",29.86,3,다세대,329-14,빌리브케슬,0,,,11410,북가좌동, 
2020,, ,2,4,2022,"24,000",29.96,3,다세대,325-7,트라움하임홍은,0,,,11410,홍은동, 
2007,22.04~24.04,갱신,9,4,2022,"17,000",54.93,1,다세대,275-1,우리홈타운,23,"17,000",20,11410,연희동,사용
1991,, ,7,4,2022,"13,000",54.15,2,다세대,279-25,(279-25),0,,,11410,홍제동, 
2020,22.05~24.05,갱신,23,4,2022,"22,000",25.79,4,다세대,122-4,(122-4),0,"22,000",,11410,홍제동,사용
2019,22.05~24.04,갱신,30,4,2022,900,26.22,3,다세대,42-20,퍼즈하우스(PuzzHouse),68,900,68,11410,연희동, 
1985,, ,21,4,2022,"4,000",70.8,-1,다세대,9-479,(9-479),20,,,11410,홍은동, 
1994,,갱신,23,4,2022,"10,500",51.15,1,다세대,411-6,현대(411-6),0,"10,000",,11410,홍은동,사용
2005,22.06~23.05,신규,21,4,2022,500,57.78,3,다세대,394-5,화이트빌4,55,,,11410,홍은동, 
2012,22.04~23.04,신규,2,4,2022,300,12.17,2,다세대,326-20,드림캐슬5,34,,,11410,남가좌동, 
1985,, ,21,5,2022,"1,000",73.74,1,연립,360-6,가산빌라,60,,,11410,홍제동, 
2016,, ,6,5,2022,"20,000",29.91,2,다세대,340-27,비엘빌리지,0,,,11410,북가좌동, 
1995,, ,22,5,2022,"10,000",58.48,4,다세대,446-219,동우하이츠빌라,100,,,11410,연희동, 
2003,, ,6,5,2022,"20,000",78.06,1,다세대,383-3,정방아트빌비동,0,,,11410,북가좌동, 
2016,, ,6,5,2022,"23,000",29.91,2,다세대,340-27,비엘빌리지,0,,,11410,북가좌동, 
2011,22.05~23.05,신규,16,5,2022,500,12,4,다세대,4-109,(4-109),39,,,11410,창천동, 
2013,22.05~24.05,신규,27,5,2022,"5,000",27.69,3,다세대,322,(322-0),65,,,11410,창천동, 
2012,22.05~24.05,갱신,23,5,2022,"24,500",75.02,3,다세대,312-297,-,0,"23,000",,11410,홍제동, 
2014,22.06~24.05,갱신,25,5,2022,"2,312",29.5,4,다세대,376-5,광진아트빌2차,13,"2,312",13,11410,홍은동, 
2017,22.06~24.06, ,3,5,2022,"9,738",27.23,5,다세대,388,녹색친구들창천,22,,,11410,창천동, 
2013,, ,25,6,2022,"1,000",13.63,3,다세대,406,(406-0),50,,,11410,창천동, 
2017,, ,21,6,2022,"1,000",12.1,8,다세대,90-45,이화스테이,59,,,11410,대현동, 
1987,, ,30,6,2022,"18,900",48.55,3,연립,90-6,"서강빌라1,2동",0,,,11410,홍제동, 
2002,, ,17,6,2022,500,21.46,3,다세대,344-24,연희궁빌딩,47,,,11410,연희동, 
2019,, ,30,6,2022,"17,000",21.2,4,다세대,10-310,미소지움105동,0,,,11410,홍은동, 
2013,, ,25,6,2022,"1,000",30.88,3,다세대,340-31,수진에코빌,65,,,11410,북가좌동, 
2002,, ,29,6,2022,"15,000",74.64,3,다세대,191-65,홍은힐튼빌(A동),20,,,11410,홍은동, 
1985,, ,8,6,2022,"8,000",87.57,1,다세대,322-1,코오롱빌라,30,,,11410,홍은동, 
2006,, ,6,6,2022,"40,000",59.76,1,다세대,152,율도국인(203동),0,,,11410,창천동, 
2020,, ,4,6,2022,"29,800",45.55,4,다세대,325-7,트라움하임홍은,0,,,11410,홍은동, 
2009,, ,23,7,2022,"1,000",68.51,2,다세대,129,언제나미소,55,,,11410,창천동, 
2003,, ,22,7,2022,"2,000",36.89,1,다세대,122-2,프라임하우스,75,,,11410,대신동, 
2016,, ,30,7,2022,"5,000",45.49,2,다세대,136-30,연희휴니스빌,80,,,11410,연희동, 
1980,, ,27,7,2022,"15,000",52.73,4,다세대,266-3,제일주택,15,,,11410,홍제동, 
1980,, ,27,7,2022,"15,000",52.73,4,다세대,266-3,제일주택,15,,,11410,홍제동, 
2014,, ,7,7,2022,"14,000",49.08,3,다세대,229,신촌빌리지,31,,,11410,창천동, 
2011,22.07~23.07,신규,15,7,2022,"3,000",12,3,다세대,4-109,(4-109),12,,,11410,창천동, 
1991,22.08~24.08,신규,19,7,2022,"13,000",31.52,1,다세대,341-6,한양맨숀,0,,,11410,북가좌동, 
2013,22.08~24.08,신규,27,7,2022,500,12.16,4,다세대,322,(322-0),45,,,11410,창천동, 
2013,22.08~24.08,신규,19,7,2022,500,12.16,5,다세대,322,(322-0),45,,,11410,창천동, 
2014,, ,20,8,2022,"10,000",24.03,1,다세대,229,신촌빌리지,33,,,11410,창천동, 
2012,, ,5,8,2022,"1,000",13.95,3,다세대,117,명학하우스,55,,,11410,충정로3가, 
2016,, ,11,8,2022,"33,000",49.14,3,다세대,170-148,골든트리빌,0,,,11410,연희동, 
2016,, ,8,8,2022,"18,000",49.13,2,다세대,300-18,우진그랜드파크,0,,,11410,북가좌동, 
2013,, ,9,8,2022,"11,700",21.75,1,다세대,265-112,루미아트A동,10,,,11410,홍은동, 
2012,22.08~24.08,신규,26,8,2022,500,13.63,3,다세대,3-51,현대벨라지오,33,,,11410,북가좌동, 
2013,22.08~24.08,신규,17,8,2022,"2,000",27.69,4,다세대,322,(322-0),48,,,11410,창천동, 
2002,20.10~22.10,신규,12,8,2022,"3,000",65.53,2,다세대,280-8,우창그린빌,70,,,11410,북가좌동, 
1987,22.09~24.09,신규,11,8,2022,"17,000",40.995,2,다세대,167-53,아남(나동),0,,,11410,홍제동, 
2001,22.08~24.08,신규,29,8,2022,"1,000",39.94,3,연립,100-30,그린빌,70,,,11410,창천동, 
1985,, ,28,9,2022,"30,000",65.07,3,다세대,141-34,동진빌라,0,,,11410,연희동, 
2018,, ,20,9,2022,"1,000",13.98,7,다세대,90-42,이대다올노블리움2차(에이동),65,,,11410,대현동, 
1995,, ,30,9,2022,"15,000",49.14,2,다세대,16-1,희원빌라,0,,,11410,북아현동, 
2018,, ,26,9,2022,"36,500",42.98,5,다세대,134-2,제니스빌(134-2),0,,,11410,홍제동, 
2013,, ,15,9,2022,"14,000",26.06,1,다세대,265-492,루미아트B동,0,,,11410,홍은동, 
2014,, ,20,9,2022,"2,100",29.81,2,다세대,345-5,해담하우스나동,12,,,11410,홍은동, 
2003,, ,16,9,2022,"12,000",75.8,2,다세대,318-12,한양아트빌A동,54,,,11410,북가좌동, 
2004,, ,7,9,2022,"9,500",20.35,4,다세대,321-8,신정빌라A동,19,,,11410,북가좌동, 
2011,, ,7,9,2022,"24,000",53,2,다세대,374-1,세민하이파크,0,,,11410,홍은동, 
2003,22.09~24.09,갱신,7,9,2022,"12,600",61.74,1,다세대,51-124,SoroVill(51-124),0,"12,000",,11410,연희동,사용
2002,, ,31,10,2022,"15,000",59.87,-1,다세대,265-291,도양라비앙빌(가동),0,,,11410,홍은동, 
1987,, ,24,10,2022,"24,000",56.94,1,연립,90-6,"서강빌라1,2동",0,,,11410,홍제동, 
1980,, ,11,10,2022,"10,000",52.73,1,연립,266-3,제일주택,30,,,11410,홍제동, 
2014,, ,1,10,2022,"10,000",33.93,2,다세대,229,신촌빌리지,41,,,11410,창천동, 
2006,, ,4,10,2022,"10,000",32.24,1,다세대,148-1,율도국인(303동),45,,,11410,창천동, 
2011,22.12~24.10,신규,17,10,2022,"14,000",29.82,5,다세대,120-113,(120-113),9,,,11410,천연동, 
2013,22.10~24.10,신규,6,10,2022,"1,000",12.16,4,다세대,322,(322-0),45,,,11410,창천동, 
1990,22.10~24.10,신규,18,10,2022,"1,000",52.69,1,다세대,100-125,세정하이츠,120,,,11410,창천동, 
2017,22.11~24.11,신규,19,10,2022,"10,000",29.2,3,다세대,259,세림,25,,,11410,창천동, 
1979,, ,10,10,2022,"3,000",57.19,1,다세대,356-84,(356-84),0,,,11410,홍제동, 
2014,, ,5,11,2022,"20,000",59.25,4,다세대,229,신촌빌리지,54,,,11410,창천동, 
2016,22.11~24.11,갱신,28,11,2022,"5,000",58.96,5,다세대,136-30,연희휴니스빌,112,"5,000",100,11410,연희동, 
2017,22.11~24.11,신규,14,11,2022,"1,000",56.74,4,다세대,1-574,힐스타빌리지,180,,,11410,북아현동, 
2013,22.11~24.11,신규,18,11,2022,"5,000",28.42,4,다세대,322,(322-0),65,,,11410,창천동, 
2017,22.11~23.11,신규,14,11,2022,"1,000",56.74,4,다세대,1-574,힐스타빌리지,180,,,11410,북아현동, 
2014,, ,22,11,2022,"3,585",34.68,2,다세대,5-53,리움하우스2차,5,,,11410,남가좌동, 
1986,23.02~25.02,신규,28,11,2022,"13,000",40.86,1,다세대,376-34,기린빌라(마동),0,,,11410,북가좌동, 
1993,,갱신,3,11,2022,"14,500",68.88,4,다세대,123-39,유원빌라,0,"14,500",,11410,북아현동, 
2002,22.11~24.11,갱신,30,11,2022,"24,500",68.63,3,다세대,196-23,행복하우스,0,"21,000",,11410,연희동, 
2019,22.12~24.11,갱신,30,11,2022,"5,220",20.13,1,다세대,42-20,퍼즈하우스(PuzzHouse),32,"5,220",32,11410,연희동, 
2017,, ,19,12,2022,"22,700",35.48,5,다세대,287-108,수정쉐르빌,0,,,11410,홍제동, 
2007,, ,9,12,2022,"1,000",58.32,2,다세대,144-2,율도국인(304동),70,,,11410,창천동, 
1987,, ,22,12,2022,"5,000",49.44,3,다세대,90-6,"서강빌라1,2동",50,,,11410,홍제동, 
2019,, ,21,12,2022,"22,960",29.98,5,다세대,313-19,신안휴먼타운,0,,,11410,북가좌동, 
1987,, ,2,12,2022,"12,000",39.06,1,연립,9-75,금강빌라,0,,,11410,홍제동, 
1990,, ,3,12,2022,"11,000",35.5,2,다세대,402-12,현일,20,,,11410,홍은동, 
2012,23.01~25.01,신규,31,12,2022,"2,000",12.14,2,다세대,340-17,(340-17),64,,,11410,연희동, 
2012,23.02~24.02,신규,19,12,2022,"5,000",13.5,3,다세대,340-17,(340-17),36,,,11410,연희동, 
2013,23.02~25.02,신규,13,12,2022,"2,000",30.09,4,다세대,3-67,새움스마트빌,58,,,11410,북가좌동, 
2003,23.01~25.01,신규,20,12,2022,500,52.89,2,다세대,341,동우아트빌,110,,,11410,창천동, 
2007,, ,23,1,2023,"1,000",59.94,2,다세대,144-2,율도국인(304동),70,,,11410,창천동, 
2019,, ,14,1,2023,"30,000",46.67,8,연립다세대,142-21,연희미다스파크,0,,,11410,연희동, 
2019,, ,9,1,2023,"36,100",46.86,2,다세대,142-21,연희미다스파크,0,,,11410,연희동, 
2013,23.02~25.02,신규,12,1,2023,500,12.34,2,다세대,3-67,새움스마트빌,45,,,11410,북가좌동, 
2013,23.02~25.02,신규,16,1,2023,500,12.16,3,다세대,322,(322-0),45,,,11410,창천동, 
2016,23.01~25.01,신규,9,1,2023,500,50.05,4,다세대,337-37,첼라넥스빌,20,,,11410,북가좌동, 
2015,23.01~25.01,갱신,6,1,2023,"9,450",19.07,3,다세대,328-54,한결하우스,0,"9,000",,11410,북가좌동, 
2002,23.01~24.01,신규,6,1,2023,500,33.63,2,다세대,265-71,화이트빌8,55,,,11410,홍은동, 
2012,23.01~25.01,신규,7,1,2023,"3,000",15.6,2,다세대,340-17,(340-17),50,,,11410,연희동, 
2013,23.02~24.02,신규,16,1,2023,"1,000",21.51,3,다세대,340-16,Y-HOUSE,70,,,11410,연희동, 
2016,, ,28,2,2023,"5,000",45.49,2,다세대,136-30,연희휴니스빌,80,,,11410,연희동, 
2018,, ,5,2,2023,"31,500",49.39,4,다세대,134-2,제니스빌(134-2),0,,,11410,홍제동, 
2011,23.03~24.03,신규,1,2,2023,"1,000",12,2,다세대,4-109,(4-109),41,,,11410,창천동, 
2011,23.02~24.02,신규,1,2,2023,500,12,2,다세대,4-109,(4-109),43,,,11410,창천동, 
2017,23.02~24.02,신규,16,2,2023,500,21.8,3,다세대,340-1,(340-1),63,,,11410,남가좌동, 
2013,23.03~25.03,신규,23,2,2023,500,12.16,2,다세대,322,(322-0),45,,,11410,창천동, 
2013,23.02~25.02,신규,18,2,2023,"10,000",24.3,3,다세대,266-99,써니힐스,9,,,11410,홍제동, 
2012,22.12~24.12,갱신,3,2,2023,"8,000",28.65,4,다세대,397-29,골드클래스,30,"8,000",30,11410,홍은동, 
1986,23.06~25.06,갱신,27,2,2023,"3,000",40.86,1,다세대,376-33,기린빌라(라동),30,"3,000",30,11410,북가좌동,사용
2020,23.02~24.02,신규,5,2,2023,"1,000",20.18,2,다세대,28-5,연희서가,68,,,11410,연희동, 
2016,, ,28,3,2023,"22,930",39.57,5,다세대,392-5,"미다스A,B동(392-5)",0,,,11410,북가좌동, 
1991,, ,29,3,2023,"13,000",53.6,3,다세대,10-233,"청구그린빌라(A,B동)",10,,,11410,홍은동, 
1987,, ,8,3,2023,"13,000",48.01,3,연립,90-6,"서강빌라1,2동",8,,,11410,홍제동, 
1987,, ,8,3,2023,"13,000",48.01,3,연립,90-6,"서강빌라1,2동",8,,,11410,홍제동, 
2014,, ,8,3,2023,"8,000",26.02,1,다세대,229,신촌빌리지,34,,,11410,창천동, 
2011,23.03~24.03,신규,2,3,2023,"1,000",12,4,다세대,4-109,(4-109),55,,,11410,창천동, 
1992,23.03~25.03,신규,11,3,2023,"1,000",44.73,-1,다세대,325-15,명지(325-15),40,,,11410,홍은동, 
2006,23.04~24.04,신규,11,3,2023,500,46.64,-1,연립,1-373,하이빌리지,61,,,11410,북아현동, 
2013,23.03~25.03,신규,15,3,2023,"9,000",16.78,1,다세대,340-16,Y-HOUSE,0,,,11410,연희동, 
2017,23.04~25.04,신규,30,3,2023,"12,000",14.44,2,다세대,259,세림,5,,,11410,창천동, 
1985,, ,4,4,2023,"21,850",45.96,1,연립,141-34,동진빌라,0,,,11410,연희동, 
2019,23.04~25.04,신규,18,4,2023,"5,000",28.79,4,다세대,330-299,정익빌딩,68,,,11410,홍제동, 
2019,23.04~25.04,신규,18,4,2023,"5,000",28.79,4,다세대,330-299,정익빌딩,68,,,11410,홍제동, 
2011,23.04~24.04,신규,13,4,2023,"1,000",12.87,2,다세대,90-46,연세힐하우스,55,,,11410,창천동, 
1995,23.05~25.05,신규,5,4,2023,"11,300",22.8,2,연립,446-282,신세대하이빌,0,,,11410,연희동, 
1975,23.04~25.04,갱신,22,4,2023,"13,600",46.28,1,연립,315-41,대성아파트,0,"12,600",,11410,홍제동, 
2013,23.05~25.05,신규,21,4,2023,500,12.16,4,다세대,322,(322-0),45,,,11410,창천동, 
2013,23.04~25.04,신규,10,4,2023,500,12.44,4,다세대,3-67,새움스마트빌,47,,,11410,북가좌동, 
2007,23.04~24.04,갱신,14,4,2023,500,28.48,3,다세대,140-14,화이트빌(140-14),63,500,60,11410,연희동, 
2001,23.05~25.05,신규,7,4,2023,"1,500",25.2,2,다세대,259-2,(259-2),44,,,11410,홍제동, 
2018,, ,31,5,2023,"25,700",28.54,2,다세대,48-11,블레어빌,0,,,11410,연희동, 
2020,23.07~24.07,신규,26,5,2023,"1,000",21.11,2,다세대,28-5,연희서가,71,,,11410,연희동, 
1995,23.06~25.06,갱신,12,5,2023,"19,000",76.4,1,다세대,1-93,동아아트맨션,0,"19,000",,11410,북아현동, 
1993,23.07~25.07,신규,20,5,2023,"1,000",45.3,1,다세대,170-166,(170-166),55,,,11410,연희동, 
1997,23.06~25.06,신규,21,5,2023,"1,000",53.4,-1,다세대,206-28,석산빌라,40,,,11410,홍은동, 
2013,23.07~24.07,신규,1,5,2023,500,14,2,다세대,410-61,수정빌,48,,,11410,홍은동, 
2011,23.08~24.08,신규,30,5,2023,500,18.36,1,다세대,43-1,화이트빌,55,,,11410,연희동, 
1986,23.06~25.10,갱신,25,5,2023,"12,300",53.61,1,다세대,190-54,백련빌라(다동),0,"12,500",,11410,홍은동, 
1991,23.06~25.06,신규,25,5,2023,"1,000",46.52,-1,다세대,367-16,연안빌리지,40,,,11410,북가좌동, 
2006,23.06~25.06,신규,26,5,2023,"12,000",73.29,3,다세대,381-11,한양아트빌(381-11),50,,,11410,북가좌동, 
2018,, ,5,6,2023,"29,000",42.98,5,다세대,134-2,제니스빌(134-2),0,,,11410,홍제동, 
2019,, ,6,6,2023,"30,000",43.86,1,다세대,1-340,힐스타빌리지3차,0,,,11410,북아현동, 
2022,, ,13,6,2023,100,25.49,2,다세대,489,DMC갤러리아,44,,,11410,북가좌동, 
2011,23.06~24.06,신규,8,6,2023,"3,000",12,3,다세대,4-109,(4-109),15,,,11410,창천동, 
2018,24.06~25.06,갱신,7,6,2023,"16,500",29.53,1,다세대,10-183,아르떼빌(10-183),0,"18,900",,11410,홍은동, 
2018,24.06~25.06,갱신,7,6,2023,"18,000",29.53,1,다세대,10-183,아르떼빌(10-183),0,"18,900",,11410,홍은동, 
2013,23.08~25.07,신규,27,6,2023,"1,000",28.42,3,다세대,322,(322-0),84,,,11410,창천동, 
1999,23.06~25.06,신규,2,6,2023,"3,000",54,4,다세대,520-248,두레주택,100,,,11410,연희동, 
2004,23.07~24.07,신규,27,6,2023,"1,000",89.4,2,다세대,70-26,(70-26),60,,,11410,창천동, 
2013,23.08~24.08,신규,27,6,2023,"2,000",21.51,2,다세대,340-16,Y-HOUSE,68,,,11410,연희동, 
1985,, ,8,7,2023,"25,000",65.07,2,연립,141-34,동진빌라,13,,,11410,연희동, 
2011,23.07~24.07,신규,1,7,2023,500,12,5,다세대,4-109,(4-109),43,,,11410,창천동, 
2013,23.08~25.08,신규,27,7,2023,500,12.34,2,다세대,3-67,새움스마트빌,47,,,11410,북가좌동, 
2019,23.08~25.08,신규,27,7,2023,"5,000",29.26,5,다세대,330-299,정익빌딩,64,,,11410,홍제동, 
2022,23.07~25.07,신규,11,7,2023,"2,000",44.81,6,다세대,161-7,골든네스트,120,,,11410,연희동, 
2018,24.07~25.07,신규,22,7,2023,"1,000",21,9,다세대,90-35,이대다올노블리움2차(비동),110,,,11410,대현동, 
2012,23.08~24.08,신규,20,7,2023,500,13.08,2,다세대,341-17,명지하우스,42,,,11410,남가좌동, 
2001,23.07~25.01,신규,8,7,2023,"5,000",94.64,1,연립,290-1,연세아크로폴리스,25,,,11410,연희동, 
2018,23.08~25.08,신규,31,7,2023,"5,000",18.8,5,다세대,124-1,모두가,92,,,11410,대신동, 
2004,23.07~24.07,신규,2,7,2023,"1,000",113.91,3,다세대,344-155,(344-155),55,,,11410,연희동, 
2014,, ,25,8,2023,"24,000",48.52,2,다세대,229,신촌빌리지,0,,,11410,창천동, 
2019,23.09~25.09,신규,1,8,2023,"5,000",28.79,2,다세대,330-299,정익빌딩,68,,,11410,홍제동, 
2019,23.09~25.09,신규,1,8,2023,"5,000",28.79,2,다세대,330-299,정익빌딩,68,,,11410,홍제동, 
2013,23.09~25.09,갱신,4,8,2023,"7,000",16.96,2,다세대,266-99,써니힐스,13,"7,000",11,11410,홍제동,사용
1996,10.12~28.12,신규,23,8,2023,"16,000",100.91,2,연립,3-1,(3-1),0,,,11410,충정로3가, 
1997,23.08~24.08,신규,22,8,2023,500,34.5,1,다세대,723-12,연희빌,47,,,11410,연희동, 
1995,22.03~24.03,갱신,19,8,2023,"22,000",78.82,2,연립,122-20,석천빌라A동,0,"22,000",,11410,홍제동, 
2003,, ,25,8,2023,"1,000",22.65,2,다세대,84-6,(84-6),63,,,11410,대신동, 
2019,23.08~25.08,신규,4,8,2023,"25,000",28.44,2,다세대,295-7,연희궁의아침(지동),0,,,11410,연희동, 
1992,23.08~25.08,갱신,8,8,2023,"17,000",54.78,3,다세대,350-15,대도빌라(350-15),0,"16,000",,11410,북가좌동, 
2019,, ,19,9,2023,"19,500",29.98,2,다세대,313-19,신안휴먼타운,0,,,11410,북가좌동, 
1987,, ,2,9,2023,"10,000",34.47,1,연립,9-75,금강빌라,0,,,11410,홍제동, 
2011,23.09~25.09,신규,25,9,2023,"6,000",12,3,다세대,4-109,(4-109),0,,,11410,창천동, 
1997,23.09~25.09,신규,11,9,2023,500,26.67,1,다세대,289-30,(289-30),50,,,11410,북가좌동, 
2000,23.09~26.09,신규,13,9,2023,"2,000",177.85,1,연립,96-8,연희오크빌,650,,,11410,연희동, 
2017,23.09~25.09,신규,5,9,2023,"2,000",25.72,2,다세대,136-11,뉴캐슬,65,,,11410,홍제동, 
2013,23.10~25.10,신규,16,9,2023,500,12.16,3,다세대,322,(322-0),45,,,11410,창천동, 
2022,23.06~25.09,갱신,20,9,2023,"5,150",25.52,2,다세대,489,DMC갤러리아,18,100,45,11410,북가좌동, 
2016,23.09~25.09,갱신,1,9,2023,"30,000",55.82,4,다세대,325-9,동화빌라,0,"30,000",,11410,북가좌동, 
2011,23.11~25.11,신규,24,9,2023,"24,000",47.52,4,다세대,344-27,영주아트빌,0,,,11410,북가좌동, 
2022,, ,14,10,2023,"28,000",35.95,2,다세대,260-52,델리지아,0,,,11410,홍제동, 
2006,23.11~24.11,신규,21,10,2023,500,57.59,2,다세대,48-9,"화이트빌(B,C동)",71,,,11410,연희동, 
1975,23.10~25.10,갱신,18,10,2023,"13,000",75.23,1,연립,266-132,(266-132),0,"13,000",,11410,홍제동,사용
2012,23.10~24.10,신규,6,10,2023,300,12.74,1,다세대,326-20,드림캐슬5,28,,,11410,남가좌동, 
1996,23.12~25.12,신규,28,10,2023,"14,000",45.42,1,다세대,380-2,(380-2),0,,,11410,북가좌동, 
2011,23.11~24.11,갱신,29,10,2023,"3,000",12.25,4,다세대,90-47,(90-47),43,"3,000",40,11410,창천동, 
1997,23.12~25.11,신규,21,10,2023,"2,000",46.83,2,다세대,51-89,숲속의집빌라,85,,,11410,연희동, 
2014,23.12~25.12,신규,12,10,2023,"3,499",29.61,2,다세대,345-3,해담하우스가동,5,,,11410,홍은동, 
2014,24.01~26.01,신규,26,10,2023,"2,287",17.5,3,다세대,5-92,주영테크빌,5,,,11410,북가좌동, 
1985,23.10~25.10,신규,20,10,2023,"22,000",45.96,1,연립,141-34,동진빌라,0,,,11410,연희동, 
2019,, ,15,11,2023,"35,000",42.99,2,다세대,1-340,힐스타빌리지3차,0,,,11410,북아현동, 
1991,23.11~25.11,갱신,5,11,2023,"3,500",27.93,-1,다세대,362-1,우성,0,"3,000",,11410,홍은동, 
2011,23.12~24.12,신규,17,11,2023,"3,000",12,2,다세대,4-109,(4-109),19,,,11410,창천동, 
2019,24.01~26.01,신규,27,11,2023,"5,000",28.79,5,다세대,330-299,정익빌딩,69,,,11410,홍제동, 
2019,23.12~25.12,신규,16,11,2023,"5,000",28.79,3,다세대,330-299,정익빌딩,69,,,11410,홍제동, 
2002,23.12~24.12,신규,28,11,2023,500,26.22,2,다세대,265-71,화이트빌8,53,,,11410,홍은동, 
1993,23.10~25.10,갱신,4,11,2023,"22,000",55.04,1,다세대,330-20,영진아트빌라,0,"20,000",,11410,남가좌동, 
2013,23.11~24.11,신규,15,11,2023,500,12.16,2,다세대,322,(322-0),45,,,11410,창천동, 
2013,23.11~25.11,신규,7,11,2023,"3,000",28.42,2,다세대,322,(322-0),75,,,11410,창천동, 
2012,23.12~25.12,신규,15,11,2023,"1,000",19.08,3,다세대,369,아트빌리지2,75,,,11410,창천동, 
2019,, ,13,12,2023,"30,000",43.18,2,다세대,136-1,제니스빌,0,,,11410,홍제동, 
2019,, ,5,12,2023,"32,000",46.67,9,다세대,142-21,연희미다스파크,0,,,11410,연희동, 
2012,24.02~26.02,신규,26,12,2023,"6,000",13.5,2,다세대,340-17,(340-17),28,,,11410,연희동, 
2015,23.12~25.12,신규,27,12,2023,"5,000",54.28,2,다세대,277-56,네오비스타2,130,,,11410,홍은동, 
1987,23.12~25.12,신규,28,12,2023,"10,500",39.06,2,연립,9-75,금강빌라,0,,,11410,홍제동, 
2013,24.02~25.02,신규,22,12,2023,500,12.34,4,다세대,3-67,새움스마트빌,47,,,11410,북가좌동, 
1980,23.12~25.12,신규,6,12,2023,"6,000",52.73,3,연립,266-3,제일주택,50,,,11410,홍제동, 
2011,24.01~25.01,신규,8,12,2023,"1,000",12.04,4,다세대,4-115,YonEStudio,67,,,11410,창천동, 
2015,24.05~26.05,신규,20,12,2023,"38,000",50.41,5,다세대,365,현대하이츠,0,,,11410,창천동, 
2016,24.02~26.02,신규,26,12,2023,"3,500",28.94,2,다세대,136-10,목련빌라(136-10),60,,,11410,홍제동, 
1969,, ,6,1,2024,"23,000",70.79,3,다세대,32-9,산한일빌라,0,,,11410,충정로3가, 
2014,, ,16,1,2024,"10,000",29.75,2,다세대,229,신촌빌리지,32,,,11410,창천동, 
2018,, ,14,1,2024,"10,000",13.98,7,연립다세대,90-42,이대다올노블리움2차(에이동),37,,,11410,대현동, 
2016,, ,7,1,2024,"5,000",29.91,4,다세대,392-5,"미다스A,B동(392-5)",70,,,11410,북가좌동, 
2017,24.02~25.01,신규,10,1,2024,"1,000",20.01,3,다세대,340-1,(340-1),63,,,11410,남가좌동, 
2002,23.09~25.09,신규,22,1,2024,"5,000",48.22,4,다세대,6-57,선춘빌라,60,,,11410,홍제동, 
2018,24.02~24.08,갱신,23,1,2024,"1,000",13.98,8,다세대,90-42,이대다올노블리움2차(에이동),70,"1,000",66,11410,대현동,사용
1999,24.01~26.01,갱신,22,1,2024,"25,000",84.67,3,연립,318-23,에이스빌,0,"25,000",,11410,홍제동, 
2012,24.01~25.01,갱신,17,1,2024,500,24.29,5,다세대,341-17,명지하우스,47,500,45,11410,남가좌동, 
2011,24.02~26.02,신규,26,1,2024,300,74.8,5,다세대,304-1,(304-1),40,,,11410,연희동, 
1985,, ,17,2,2024,"2,500",62.01,3,연립,188-29,삼성빌라,75,,,11410,홍은동, 
2018,, ,3,2,2024,"22,000",21,9,다세대,90-35,이대다올노블리움2차(비동),0,,,11410,대현동, 
2002,24.03~26.03,갱신,5,2,2024,"14,000",19.98,1,다세대,501-14,삼성아트빌,0,"13,000",,11410,창천동, 
2011,24.03~25.02,신규,13,2,2024,"1,500",12,2,다세대,4-109,(4-109),53,,,11410,창천동, 
2011,24.02~26.02,신규,6,2,2024,"6,500",12,3,다세대,4-109,(4-109),0,,,11410,창천동, 
2002,24.03~26.03,신규,7,2,2024,"20,000",58.62,3,다세대,80-129,경성하이빌(80-129),0,,,11410,북가좌동, 
2012,24.02~25.02,신규,18,2,2024,500,12.06,3,다세대,62-12,공간휴(62-12),55,,,11410,대현동, 
1999,24.09~26.09,신규,29,2,2024,"60,000",107.15,1,다세대,101-1,(101-1),0,,,11410,연희동, 
2019,24.03~26.03,신규,15,2,2024,"10,000",29.42,2,다세대,11-546,대가트라움,33,,,11410,홍은동, 
2012,24.03~26.03,신규,20,2,2024,"1,000",13.95,3,다세대,139-16,준하우스(139-16),52,,,11410,홍제동, 
1985,, ,2,3,2024,"26,250",65.07,1,연립,141-34,동진빌라,0,,,11410,연희동, 
2012,24.03~25.03,신규,3,3,2024,500,13.57,5,다세대,326-16,매종드빌,50,,,11410,남가좌동, 
1973,24.03~26.03,신규,2,3,2024,500,43.11,1,연립다세대,5-329,(5-329),50,,,11410,남가좌동, 
2018,24.03~25.03,신규,9,3,2024,"5,000",13.48,9,다세대,218-11,THE연희힐,50,,,11410,연희동, 
2011,24.03~25.03,신규,19,3,2024,"2,000",12,4,다세대,4-109,(4-109),36,,,11410,창천동, 
1994,24.03~26.03,신규,4,3,2024,800,43.77,3,다세대,334-85,(334-85),70,,,11410,연희동, 
2007,19.04~21.04,신규,4,3,2024,"15,000",75.96,1,다세대,229-1,창천율도국인103동,0,,,11410,창천동, 
1996,24.03~26.03,신규,9,3,2024,"14,000",36.8,-1,다세대,47-5,(47-5),0,,,11410,홍제동, 
2018,24.06~26.06,신규,21,3,2024,"22,000",50.79,5,다세대,307-15,이지라이프빌,0,,,11410,북가좌동, 
2002,24.08~26.08,갱신,5,3,2024,"16,000",55.5,2,다세대,1-479,(1-479),0,"16,000",,11410,북아현동, 
1984,, ,27,4,2024,"15,000",113.52,1,연립,8-1,동보빌라,0,,,11410,충정로3가, 
2017,24.06~26.06,신규,20,4,2024,"23,000",24.1,6,다세대,336-23,주원베르빌(101동),0,,,11410,남가좌동, 
2003,24.05~26.05,신규,1,4,2024,"25,000",62.34,2,다세대,3-96,(3-96),0,,,11410,북아현동, 
2012,24.04~25.04,신규,18,4,2024,500,12.74,1,다세대,326-20,드림캐슬5,45,,,11410,남가좌동, 
2012,24.04~26.04,갱신,18,4,2024,500,21.17,4,다세대,326-20,드림캐슬5,45,500,45,11410,남가좌동, 
1984,24.04~26.04,신규,20,4,2024,500,72.6,1,다세대,723-6,계림빌라,55,,,11410,연희동, 
1993,24.06~26.06,갱신,24,4,2024,"7,000",50.27,-1,다세대,11-303,인수빌라,0,"7,000",,11410,홍은동, 
2002,24.06~26.06,신규,6,4,2024,"13,000",42.86,3,다세대,373-2,우성빌라(373-2),0,,,11410,북가좌동, 
2019,24.06~26.06,갱신,12,4,2024,"5,000",28.79,3,다세대,330-299,정익빌딩,69,"5,000",65,11410,홍제동, 
2007,24.06~26.06,신규,5,4,2024,"3,000",31.66,2,다세대,9-366,(9-366),55,,,11410,홍은동, 
2011,24.06~25.06,신규,13,5,2024,"3,000",12,5,다세대,4-109,(4-109),32,,,11410,창천동, 
2012,24.05~26.05,갱신,21,5,2024,"26,000",75.02,3,다세대,312-297,-,0,"24,500",,11410,홍제동, 
2003,24.08~26.08,갱신,21,5,2024,"2,000",28.53,3,다세대,90-9,포맨스(브라운빌),63,"2,000",60,11410,창천동, 
2014,24.09~26.09,신규,12,5,2024,"27,000",55.22,5,다세대,315-32,수현아트빌,0,,,11410,북가좌동, 
2017,24.07~25.07,신규,17,5,2024,500,27.7,2,다세대,132-2,위너스하임,108,,,11410,대신동, 
2003,24.08~26.08,신규,16,5,2024,"20,000",237.04,3,연립,89-36,킹스빌,600,,,11410,연희동, 
2006,24.08~26.08,신규,21,5,2024,"20,000",48.24,3,다세대,328-5,우창파크빌,0,,,11410,북가좌동, 
1997,24.08~26.08,신규,19,5,2024,"15,000",36.06,2,다세대,122-24,영화빌라,0,,,11410,홍제동, 
1969,24.07~26.07,신규,25,5,2024,"5,000",83.63,2,연립,32-9,산한일빌라,120,,,11410,충정로3가, 
2002,24.05~25.05,신규,3,5,2024,500,20.24,1,다세대,124-13,(124-13),55,,,11410,대신동, 
1985,, ,24,6,2024,"5,000",84.51,1,연립,188-29,삼성빌라,90,,,11410,홍은동, 
2019,, ,5,6,2024,"17,500",29.91,2,다세대,10-236,미소지움,0,,,11410,홍은동, 
1981,24.07~26.07,신규,14,6,2024,"12,000",46.81,2,다세대,5-343,(5-343),0,,,11410,남가좌동, 
1993,24.07~26.07,신규,14,6,2024,"12,000",40.05,4,다세대,4-10,예진빌라,20,,,11410,남가좌동, 
2002,24.07~25.07,신규,19,6,2024,"1,000",21.28,4,다세대,136-29,네오스페이스,36,,,11410,연희동, 
1973,24.08~27.08,신규,6,6,2024,500,42.98,2,연립다세대,5-329,(5-329),50,,,11410,남가좌동, 
2000,24.08~26.08,신규,22,6,2024,"1,500",46.19,2,다세대,151-83,(151-83),90,,,11410,연희동, 
2019,24.08~26.08,갱신,11,6,2024,"7,000",28.79,4,다세대,330-299,정익빌딩,59,"7,000",55,11410,홍제동,사용
2002,24.09~26.09,신규,20,6,2024,"30,000",65.45,4,다세대,37-7,현대빌딩,0,,,11410,충정로2가, 
1985,24.10~26.10,신규,8,6,2024,"20,000",74.64,3,연립,188-29,삼성빌라,0,,,11410,홍은동, 
2012,24.08~25.08,신규,5,7,2024,"5,000",12,1,다세대,340-17,(340-17),17,,,11410,연희동, 
2011,24.07~25.07,신규,7,7,2024,"1,000",38.2,6,다세대,4-109,(4-109),70,,,11410,창천동, 
2019,24.08~26.08,신규,31,7,2024,"22,100",24.98,13,다세대,400-3,디에이원파크,0,,,11410,홍은동, 
2019,24.08~26.08,신규,26,7,2024,"22,100",24.98,13,다세대,400-3,디에이원파크,0,,,11410,홍은동, 
2011,24.08~25.08,신규,9,7,2024,"1,000",11.39,4,다세대,90-47,(90-47),52,,,11410,창천동, 
2019,24.08~26.08,신규,31,7,2024,"23,000",24.98,13,다세대,400-3,디에이원파크,0,,,11410,홍은동, 
1999,24.07~26.07,갱신,20,7,2024,"20,000",78.48,6,연립,129-75,(129-75),36,"25,000",18,11410,북아현동, 
2013,24.07~26.07,신규,19,7,2024,"2,000",30.09,3,다세대,3-67,새움스마트빌,66,,,11410,북가좌동, 
1995,24.09~25.10,갱신,16,7,2024,"27,560",76.4,2,연립,1-93,동아아트맨션,0,"26,250",,11410,북아현동, 
2018,24.09~26.09,신규,19,7,2024,"3,000",17.27,13,다세대,90-66,(90-66),80,,,11410,대현동, 
2014,, ,22,8,2024,"37,000",46.11,5,다세대,229,신촌빌리지,8,,,11410,창천동, 
2023,24.08~26.08,신규,20,8,2024,"14,978",43.61,4,다세대,265-68,(265-68),95,,,11410,홍은동, 
2023,24.08~26.08,신규,20,8,2024,"14,978",43.61,2,다세대,265-68,(265-68),95,,,11410,홍은동, 
2023,24.08~26.08,신규,20,8,2024,"14,978",43.61,5,다세대,265-68,(265-68),95,,,11410,홍은동, 
2023,24.08~26.08,신규,20,8,2024,"10,056",29.28,3,다세대,265-68,(265-68),64,,,11410,홍은동, 
2023,24.08~26.08,신규,20,8,2024,"14,978",43.61,3,다세대,265-68,(265-68),95,,,11410,홍은동, 
2023,24.08~26.08,신규,20,8,2024,"14,978",43.61,2,다세대,265-68,(265-68),95,,,11410,홍은동, 
2023,24.08~26.08,신규,20,8,2024,"10,056",29.28,4,다세대,265-68,(265-68),64,,,11410,홍은동, 
2012,24.08~26.08,신규,3,8,2024,"3,000",12,1,다세대,340-17,(340-17),36,,,11410,연희동, 
2001,24.08~25.08,신규,6,8,2024,"3,000",31.06,3,다세대,90-50,연세빌라,50,,,11410,창천동, 
1985,, ,29,9,2024,"35,000",65.07,1,연립,141-34,동진빌라,0,,,11410,연희동, 
2016,, ,13,9,2024,"1,000",29.79,5,다세대,136-12,연희노블레스,120,,,11410,연희동, 
2016,, ,20,9,2024,"23,000",42.15,5,다세대,392-5,"미다스A,B동(392-5)",0,,,11410,북가좌동, 
1993,24.09~25.09,신규,24,9,2024,50,46.44,-1,다세대,2-7,(2-7),50,,,11410,북가좌동, 
2002,24.12~26.12,신규,30,9,2024,"24,000",60.67,2,다세대,137-8,홍제진명빌라(137-8),50,,,11410,홍제동, 
2014,24.10~26.09,갱신,30,9,2024,"13,000",28.51,1,다세대,229,신촌빌리지,20,"13,000",14,11410,창천동, 
2014,24.10~26.10,신규,4,9,2024,"13,800",29.87,4,다세대,280-5,시크빌리지,20,,,11410,홍제동, 
1986,24.11~26.11,신규,28,9,2024,"5,000",64.8,2,연립,168,삼성빌라,115,,,11410,연희동, 
2011,24.09~26.09,신규,7,9,2024,"19,800",83.73,4,다세대,190-9,롯데그린빌라,0,,,11410,홍은동, 
1997,24.11~26.11,신규,27,9,2024,"20,200",45.08,3,다세대,266-21,대흥주택,0,,,11410,홍제동, 
2002,, ,3,10,2024,"20,000",84.29,2,연립,458,금송힐스빌,80,,,11410,홍은동, 
1987,, ,7,10,2024,"24,000",56.94,1,연립,90-6,"서강빌라1,2동",0,,,11410,홍제동, 
2010,25.01~27.01,신규,27,10,2024,"50,000",158.82,2,연립,67-2,정윤빌리지,150,,,11410,연희동, 
2007,25.01~26.01,갱신,30,10,2024,"27,300",45.81,3,다세대,48-18,(48-18),0,"26,000",,11410,연희동, 
2003,24.12~26.12,신규,9,10,2024,"1,000",45.92,1,다세대,444-63,(444-63),75,,,11410,연희동, 
1992,24.12~26.12,신규,19,10,2024,"20,000",49.8,3,다세대,1-343,파레스빌라나동,0,,,11410,북아현동, 
2016,24.12~26.12,신규,7,10,2024,"35,000",72.11,5,다세대,122-29,이지라이프빌,0,,,11410,홍제동, 
2020,24.11~26.11,신규,25,10,2024,"21,400",22.68,4,다세대,347,어반스테이,4,,,11410,창천동, 
2013,24.12~26.12,신규,19,10,2024,"12,300",27.22,2,다세대,340-29,이안럭스빌,20,,,11410,북가좌동, 
2014,24.12~26.12,신규,12,10,2024,"25,000",52.03,2,다세대,189-6,호인빌,0,,,11410,북아현동, 
1969,, ,29,11,2024,"30,000",83.63,2,연립,32-9,산한일빌라,0,,,11410,충정로3가, 
2011,24.12~25.12,신규,22,11,2024,"1,000",27.9,5,다세대,370,아트빌리지,120,,,11410,창천동, 
2014,25.01~27.01,신규,21,11,2024,"3,000",27.05,2,다세대,78-9,(78-9),82,,,11410,연희동, 
2024,24.11~27.03,신규,8,11,2024,"2,118",49,2,다세대,407-2,에이스하임,48,,,11410,홍은동, 
2012,24.12~25.12,신규,27,11,2024,"5,000",13.5,3,다세대,340-17,(340-17),33,,,11410,연희동, 
2002,24.11~26.11,신규,25,11,2024,720,31.89,2,다세대,69-15,(69-15),71,,,11410,연희동, 
2016,24.12~26.12,신규,23,11,2024,500,16.03,3,다세대,504-5,선화빌딩,55,,,11410,창천동, 
2003,24.12~26.12,신규,28,11,2024,"2,000",52.33,3,다세대,3-175,(3-175),80,,,11410,북가좌동, 
2003,24.12~25.12,신규,9,11,2024,500,15.19,3,다세대,29,서문빌리지,50,,,11410,연희동, 
1998,24.12~26.12,신규,20,11,2024,"9,800",31.6,4,다세대,519-72,(519-72),20,,,11410,연희동, 
2018,, ,26,12,2024,"21,400",22.1,7,다세대,90-42,이대다올노블리움2차(에이동),10,,,11410,대현동, 
1994,25.01~27.01,갱신,18,12,2024,"14,700",37.48,4,다세대,5-211,대경빌라,0,"14,700",,11410,북가좌동, 
1997,25.02~27.02,신규,28,12,2024,"15,000",36.06,3,다세대,122-24,영화빌라,0,,,11410,홍제동, 
2019,25.02~27.02,신규,23,12,2024,"19,000",41.21,3,다세대,265-192,로즈빌,0,,,11410,홍은동, 
2024,25.02~27.02,신규,31,12,2024,"30,000",26.73,6,다세대,70-9,에이스빌,0,,,11410,영천동, 
2001,25.01~27.01,신규,20,12,2024,"1,000",16.64,4,다세대,141-8,(141-8),50,,,11410,대신동, 
2001,24.12~25.12,신규,13,12,2024,500,34.5,4,다세대,68-67,올리브하우스,80,,,11410,창천동, 
2019,24.12~26.12,신규,12,12,2024,"3,000",14.99,4,다세대,122-5,콤보빌,60,,,11410,연희동, 
2014,25.02~27.02,신규,30,12,2024,"18,700",41.77,4,다세대,294-9,밀레니엄,0,,,11410,북가좌동, 
2013,25.01~27.01,신규,14,12,2024,"8,000",21.6,3,다세대,266-99,써니힐스,21,,,11410,홍제동, 
